[{"bottomright": {"x": 586, "y": 263}, "topleft": {"x": 921, "y": 699}, "id": 1, "label": "person"}, {"bottomright": {"x": 422, "y": 52}, "topleft": {"x": 588, "y": 321}, "id": 2, "label": "person"}, {"bottomright": {"x": 275, "y": 259}, "topleft": {"x": 533, "y": 728}, "id": 3, "label": "person"}, {"bottomright": {"x": 477, "y": 145}, "topleft": {"x": 688, "y": 532}, "id": 4, "label": "person"}, {"bottomright": {"x": 683, "y": 58}, "topleft": {"x": 851, "y": 312}, "id": 5, "label": "person"}, {"bottomright": {"x": 1, "y": 37}, "topleft": {"x": 179, "y": 719}, "id": 6, "label": "person"}, {"bottomright": {"x": 174, "y": 95}, "topleft": {"x": 503, "y": 419}, "id": 7, "label": "person"}]