[{"bottomright": {"x": 761, "y": 205}, "topleft": {"x": 955, "y": 726}, "id": 1, "label": "person"}, {"bottomright": {"x": 686, "y": 284}, "topleft": {"x": 781, "y": 659}, "id": 1, "label": "person"}, {"bottomright": {"x": 337, "y": 266}, "topleft": {"x": 420, "y": 522}, "id": 1, "label": "person"}, {"bottomright": {"x": 616, "y": 255}, "topleft": {"x": 681, "y": 596}, "id": 1, "label": "person"}, {"bottomright": {"x": 915, "y": 206}, "topleft": {"x": 1021, "y": 683}, "id": 1, "label": "person"}, {"bottomright": {"x": 384, "y": 269}, "topleft": {"x": 444, "y": 525}, "id": 1, "label": "person"}]