[{"bottomright": {"x": 754, "y": 211}, "topleft": {"x": 948, "y": 721}, "id": 1, "label": "person"}, {"bottomright": {"x": 629, "y": 264}, "topleft": {"x": 707, "y": 594}, "id": 1, "label": "person"}, {"bottomright": {"x": 334, "y": 266}, "topleft": {"x": 411, "y": 527}, "id": 1, "label": "person"}, {"bottomright": {"x": 909, "y": 209}, "topleft": {"x": 1013, "y": 681}, "id": 1, "label": "person"}, {"bottomright": {"x": 682, "y": 286}, "topleft": {"x": 784, "y": 657}, "id": 1, "label": "person"}, {"bottomright": {"x": 473, "y": 269}, "topleft": {"x": 524, "y": 519}, "id": 1, "label": "person"}, {"bottomright": {"x": 377, "y": 265}, "topleft": {"x": 439, "y": 526}, "id": 1, "label": "person"}, {"bottomright": {"x": 511, "y": 255}, "topleft": {"x": 627, "y": 626}, "id": 1, "label": "person"}]