[{"bottomright": {"x": 756, "y": 211}, "topleft": {"x": 309, "y": 325}, "id": 1, "label": "person"}, {"bottomright": {"x": 894, "y": 227}, "topleft": {"x": 330, "y": 309}, "id": 1, "label": "person"}, {"bottomright": {"x": 332, "y": 265}, "topleft": {"x": 134, "y": 261}, "id": 1, "label": "person"}, {"bottomright": {"x": 685, "y": 245}, "topleft": {"x": 253, "y": 302}, "id": 1, "label": "person"}, {"bottomright": {"x": 470, "y": 253}, "topleft": {"x": 170, "y": 268}, "id": 1, "label": "person"}, {"bottomright": {"x": 377, "y": 265}, "topleft": {"x": 142, "y": 262}, "id": 1, "label": "person"}]