[{"bottomright": {"x": 753, "y": 208}, "topleft": {"x": 957, "y": 723}, "id": 1, "label": "person"}, {"bottomright": {"x": 604, "y": 250}, "topleft": {"x": 709, "y": 621}, "id": 1, "label": "person"}, {"bottomright": {"x": 904, "y": 213}, "topleft": {"x": 1009, "y": 678}, "id": 1, "label": "person"}, {"bottomright": {"x": 333, "y": 265}, "topleft": {"x": 406, "y": 527}, "id": 1, "label": "person"}, {"bottomright": {"x": 471, "y": 255}, "topleft": {"x": 523, "y": 544}, "id": 1, "label": "person"}, {"bottomright": {"x": 687, "y": 278}, "topleft": {"x": 768, "y": 604}, "id": 1, "label": "person"}, {"bottomright": {"x": 377, "y": 265}, "topleft": {"x": 434, "y": 528}, "id": 1, "label": "person"}]