[{"bottomright": {"x": 756, "y": 211}, "topleft": {"x": 950, "y": 721}, "id": 1, "label": "person"}, {"bottomright": {"x": 894, "y": 227}, "topleft": {"x": 1015, "y": 671}, "id": 5, "label": "person"}, {"bottomright": {"x": 332, "y": 265}, "topleft": {"x": 412, "y": 525}, "id": 3, "label": "person"}, {"bottomright": {"x": 685, "y": 245}, "topleft": {"x": 778, "y": 650}, "id": 2, "label": "person"}, {"bottomright": {"x": 470, "y": 253}, "topleft": {"x": 523, "y": 546}, "id": 7, "label": "person"}, {"bottomright": {"x": 377, "y": 265}, "topleft": {"x": 437, "y": 528}, "id": 6, "label": "person"}]