[{"bottomright": {"x": 758, "y": 205}, "topleft": {"x": 310, "y": 326}, "id": 1, "label": "person"}, {"bottomright": {"x": 335, "y": 269}, "topleft": {"x": 132, "y": 262}, "id": 1, "label": "person"}, {"bottomright": {"x": 649, "y": 263}, "topleft": {"x": 254, "y": 297}, "id": 1, "label": "person"}, {"bottomright": {"x": 470, "y": 261}, "topleft": {"x": 170, "y": 266}, "id": 1, "label": "person"}, {"bottomright": {"x": 908, "y": 210}, "topleft": {"x": 331, "y": 312}, "id": 1, "label": "person"}, {"bottomright": {"x": 550, "y": 257}, "topleft": {"x": 220, "y": 289}, "id": 1, "label": "person"}, {"bottomright": {"x": 379, "y": 268}, "topleft": {"x": 141, "y": 262}, "id": 1, "label": "person"}]