[{"bottomright": {"x": 750, "y": 202}, "topleft": {"x": 310, "y": 326}, "id": 1, "label": "person"}, {"bottomright": {"x": 664, "y": 245}, "topleft": {"x": 255, "y": 302}, "id": 1, "label": "person"}, {"bottomright": {"x": 332, "y": 264}, "topleft": {"x": 133, "y": 262}, "id": 1, "label": "person"}, {"bottomright": {"x": 895, "y": 226}, "topleft": {"x": 329, "y": 309}, "id": 1, "label": "person"}, {"bottomright": {"x": 470, "y": 254}, "topleft": {"x": 170, "y": 268}, "id": 1, "label": "person"}, {"bottomright": {"x": 378, "y": 267}, "topleft": {"x": 142, "y": 263}, "id": 1, "label": "person"}]