[{"bottomright": {"x": 761, "y": 205}, "topleft": {"x": 310, "y": 327}, "id": 1, "label": "person"}, {"bottomright": {"x": 686, "y": 284}, "topleft": {"x": 254, "y": 305}, "id": 1, "label": "person"}, {"bottomright": {"x": 337, "y": 266}, "topleft": {"x": 136, "y": 260}, "id": 1, "label": "person"}, {"bottomright": {"x": 616, "y": 255}, "topleft": {"x": 221, "y": 285}, "id": 1, "label": "person"}, {"bottomright": {"x": 915, "y": 206}, "topleft": {"x": 332, "y": 313}, "id": 1, "label": "person"}, {"bottomright": {"x": 384, "y": 269}, "topleft": {"x": 144, "y": 261}, "id": 1, "label": "person"}]