[{"bottomright": {"x": 750, "y": 202}, "topleft": {"x": 953, "y": 725}, "id": 1, "label": "person"}, {"bottomright": {"x": 664, "y": 245}, "topleft": {"x": 785, "y": 650}, "id": 1, "label": "person"}, {"bottomright": {"x": 332, "y": 264}, "topleft": {"x": 409, "y": 525}, "id": 1, "label": "person"}, {"bottomright": {"x": 895, "y": 226}, "topleft": {"x": 1013, "y": 673}, "id": 1, "label": "person"}, {"bottomright": {"x": 470, "y": 254}, "topleft": {"x": 525, "y": 546}, "id": 1, "label": "person"}, {"bottomright": {"x": 378, "y": 267}, "topleft": {"x": 437, "y": 529}, "id": 1, "label": "person"}]