[{"bottomright": {"x": 752, "y": 202}, "topleft": {"x": 953, "y": 725}, "id": 1, "label": "person"}, {"bottomright": {"x": 896, "y": 219}, "topleft": {"x": 1013, "y": 675}, "id": 1, "label": "person"}, {"bottomright": {"x": 330, "y": 263}, "topleft": {"x": 405, "y": 528}, "id": 1, "label": "person"}, {"bottomright": {"x": 674, "y": 276}, "topleft": {"x": 786, "y": 662}, "id": 1, "label": "person"}, {"bottomright": {"x": 377, "y": 264}, "topleft": {"x": 435, "y": 530}, "id": 1, "label": "person"}, {"bottomright": {"x": 611, "y": 262}, "topleft": {"x": 730, "y": 626}, "id": 1, "label": "person"}, {"bottomright": {"x": 470, "y": 259}, "topleft": {"x": 523, "y": 536}, "id": 1, "label": "person"}]