[{"bottomright": {"x": 752, "y": 202}, "topleft": {"x": 310, "y": 326}, "id": 1, "label": "person"}, {"bottomright": {"x": 896, "y": 219}, "topleft": {"x": 329, "y": 310}, "id": 1, "label": "person"}, {"bottomright": {"x": 330, "y": 263}, "topleft": {"x": 131, "y": 262}, "id": 1, "label": "person"}, {"bottomright": {"x": 674, "y": 276}, "topleft": {"x": 255, "y": 306}, "id": 1, "label": "person"}, {"bottomright": {"x": 377, "y": 264}, "topleft": {"x": 141, "y": 263}, "id": 1, "label": "person"}, {"bottomright": {"x": 611, "y": 262}, "topleft": {"x": 237, "y": 294}, "id": 1, "label": "person"}, {"bottomright": {"x": 470, "y": 259}, "topleft": {"x": 170, "y": 265}, "id": 1, "label": "person"}]