[{"bottomright": {"x": 753, "y": 208}, "topleft": {"x": 311, "y": 326}, "id": 1, "label": "person"}, {"bottomright": {"x": 604, "y": 250}, "topleft": {"x": 230, "y": 293}, "id": 1, "label": "person"}, {"bottomright": {"x": 904, "y": 213}, "topleft": {"x": 328, "y": 311}, "id": 1, "label": "person"}, {"bottomright": {"x": 333, "y": 265}, "topleft": {"x": 132, "y": 262}, "id": 1, "label": "person"}, {"bottomright": {"x": 471, "y": 255}, "topleft": {"x": 170, "y": 268}, "id": 1, "label": "person"}, {"bottomright": {"x": 687, "y": 278}, "topleft": {"x": 249, "y": 287}, "id": 1, "label": "person"}, {"bottomright": {"x": 377, "y": 265}, "topleft": {"x": 141, "y": 263}, "id": 1, "label": "person"}]