[{"bottomright": {"x": 754, "y": 211}, "topleft": {"x": 308, "y": 325}, "id": 1, "label": "person"}, {"bottomright": {"x": 629, "y": 264}, "topleft": {"x": 229, "y": 284}, "id": 1, "label": "person"}, {"bottomright": {"x": 334, "y": 266}, "topleft": {"x": 133, "y": 262}, "id": 1, "label": "person"}, {"bottomright": {"x": 909, "y": 209}, "topleft": {"x": 329, "y": 312}, "id": 1, "label": "person"}, {"bottomright": {"x": 682, "y": 286}, "topleft": {"x": 255, "y": 304}, "id": 1, "label": "person"}, {"bottomright": {"x": 473, "y": 269}, "topleft": {"x": 170, "y": 259}, "id": 1, "label": "person"}, {"bottomright": {"x": 377, "y": 265}, "topleft": {"x": 142, "y": 262}, "id": 1, "label": "person"}, {"bottomright": {"x": 511, "y": 255}, "topleft": {"x": 204, "y": 294}, "id": 1, "label": "person"}]