[{"bottomright": {"x": 759, "y": 206}, "topleft": {"x": 310, "y": 326}, "id": 1, "label": "person"}, {"bottomright": {"x": 685, "y": 281}, "topleft": {"x": 254, "y": 305}, "id": 1, "label": "person"}, {"bottomright": {"x": 333, "y": 265}, "topleft": {"x": 133, "y": 261}, "id": 1, "label": "person"}, {"bottomright": {"x": 470, "y": 255}, "topleft": {"x": 170, "y": 267}, "id": 1, "label": "person"}, {"bottomright": {"x": 379, "y": 264}, "topleft": {"x": 143, "y": 263}, "id": 1, "label": "person"}]