[{"bottomright": {"x": 466, "y": 93}, "topleft": {"x": 224, "y": 246}, "id": 1, "label": "person"}, {"bottomright": {"x": 270, "y": 272}, "topleft": {"x": 159, "y": 323}, "id": 1, "label": "person"}, {"bottomright": {"x": 189, "y": 99}, "topleft": {"x": 154, "y": 217}, "id": 1, "label": "person"}, {"bottomright": {"x": 484, "y": 251}, "topleft": {"x": 276, "y": 318}, "id": 1, "label": "person"}, {"bottomright": {"x": 824, "y": 101}, "topleft": {"x": 346, "y": 313}, "id": 1, "label": "person"}, {"bottomright": {"x": 463, "y": 48}, "topleft": {"x": 195, "y": 198}, "id": 1, "label": "person"}, {"bottomright": {"x": 666, "y": 80}, "topleft": {"x": 281, "y": 179}, "id": 1, "label": "person"}, {"bottomright": {"x": 981, "y": 25}, "topleft": {"x": 390, "y": 231}, "id": 1, "label": "person"}, {"bottomright": {"x": 118, "y": 0}, "topleft": {"x": 100, "y": 204}, "id": 1, "label": "person"}, {"bottomright": {"x": 4, "y": 31}, "topleft": {"x": 52, "y": 303}, "id": 1, "label": "person"}]