[{"bottomright": {"x": 758, "y": 199}, "topleft": {"x": 939, "y": 729}, "id": 1, "label": "person"}, {"bottomright": {"x": 687, "y": 273}, "topleft": {"x": 780, "y": 661}, "id": 1, "label": "person"}, {"bottomright": {"x": 332, "y": 265}, "topleft": {"x": 409, "y": 525}, "id": 1, "label": "person"}, {"bottomright": {"x": 470, "y": 255}, "topleft": {"x": 522, "y": 545}, "id": 1, "label": "person"}, {"bottomright": {"x": 379, "y": 265}, "topleft": {"x": 440, "y": 528}, "id": 1, "label": "person"}, {"bottomright": {"x": 902, "y": 225}, "topleft": {"x": 1020, "y": 670}, "id": 1, "label": "person"}]