[{"bottomright": {"x": 759, "y": 206}, "topleft": {"x": 954, "y": 723}, "id": 1, "label": "person"}, {"bottomright": {"x": 685, "y": 281}, "topleft": {"x": 781, "y": 660}, "id": 1, "label": "person"}, {"bottomright": {"x": 333, "y": 265}, "topleft": {"x": 411, "y": 524}, "id": 1, "label": "person"}, {"bottomright": {"x": 470, "y": 255}, "topleft": {"x": 523, "y": 543}, "id": 1, "label": "person"}, {"bottomright": {"x": 379, "y": 264}, "topleft": {"x": 440, "y": 530}, "id": 1, "label": "person"}]