[{"bottomright": {"x": 488, "y": 249}, "topleft": {"x": 276, "y": 318}, "id": 1, "label": "person"}, {"bottomright": {"x": 468, "y": 97}, "topleft": {"x": 223, "y": 247}, "id": 1, "label": "person"}, {"bottomright": {"x": 670, "y": 76}, "topleft": {"x": 282, "y": 179}, "id": 1, "label": "person"}, {"bottomright": {"x": 274, "y": 272}, "topleft": {"x": 158, "y": 325}, "id": 1, "label": "person"}, {"bottomright": {"x": 806, "y": 124}, "topleft": {"x": 337, "y": 304}, "id": 1, "label": "person"}, {"bottomright": {"x": 463, "y": 48}, "topleft": {"x": 196, "y": 199}, "id": 1, "label": "person"}, {"bottomright": {"x": 4, "y": -16}, "topleft": {"x": 53, "y": 318}, "id": 1, "label": "person"}, {"bottomright": {"x": 185, "y": 99}, "topleft": {"x": 154, "y": 218}, "id": 1, "label": "person"}, {"bottomright": {"x": 976, "y": 22}, "topleft": {"x": 391, "y": 232}, "id": 1, "label": "person"}]