[{"bottomright": {"x": 559, "y": 268}, "topleft": {"x": 894, "y": 701}, "id": 1, "label": "person"}, {"bottomright": {"x": 671, "y": 77}, "topleft": {"x": 857, "y": 267}, "id": 1, "label": "person"}, {"bottomright": {"x": 476, "y": 119}, "topleft": {"x": 720, "y": 537}, "id": 1, "label": "person"}, {"bottomright": {"x": 279, "y": 255}, "topleft": {"x": 527, "y": 735}, "id": 1, "label": "person"}, {"bottomright": {"x": 194, "y": 101}, "topleft": {"x": 483, "y": 391}, "id": 1, "label": "person"}, {"bottomright": {"x": 809, "y": 130}, "topleft": {"x": 1042, "y": 651}, "id": 1, "label": "person"}, {"bottomright": {"x": 472, "y": 45}, "topleft": {"x": 629, "y": 321}, "id": 1, "label": "person"}, {"bottomright": {"x": 985, "y": 34}, "topleft": {"x": 1197, "y": 428}, "id": 1, "label": "person"}]