[{"bottomright": {"x": 476, "y": 100}, "topleft": {"x": 222, "y": 246}, "id": 1, "label": "person"}, {"bottomright": {"x": 545, "y": 263}, "topleft": {"x": 283, "y": 320}, "id": 1, "label": "person"}, {"bottomright": {"x": 283, "y": 267}, "topleft": {"x": 167, "y": 328}, "id": 1, "label": "person"}, {"bottomright": {"x": 670, "y": 83}, "topleft": {"x": 280, "y": 180}, "id": 1, "label": "person"}, {"bottomright": {"x": 197, "y": 101}, "topleft": {"x": 154, "y": 215}, "id": 1, "label": "person"}, {"bottomright": {"x": 462, "y": 49}, "topleft": {"x": 196, "y": 194}, "id": 1, "label": "person"}, {"bottomright": {"x": 125, "y": 6}, "topleft": {"x": 95, "y": 183}, "id": 1, "label": "person"}, {"bottomright": {"x": 822, "y": 106}, "topleft": {"x": 345, "y": 309}, "id": 1, "label": "person"}]