[{"bottomright": {"x": 755, "y": 221}, "topleft": {"x": 952, "y": 718}, "id": 1, "label": "person"}, {"bottomright": {"x": 690, "y": 282}, "topleft": {"x": 799, "y": 670}, "id": 1, "label": "person"}, {"bottomright": {"x": 333, "y": 268}, "topleft": {"x": 409, "y": 523}, "id": 1, "label": "person"}, {"bottomright": {"x": 471, "y": 256}, "topleft": {"x": 524, "y": 542}, "id": 1, "label": "person"}, {"bottomright": {"x": 386, "y": 265}, "topleft": {"x": 440, "y": 528}, "id": 1, "label": "person"}, {"bottomright": {"x": 895, "y": 231}, "topleft": {"x": 1008, "y": 669}, "id": 1, "label": "person"}]