[{"bottomright": {"x": 476, "y": 103}, "topleft": {"x": 222, "y": 245}, "id": 1, "label": "person"}, {"bottomright": {"x": 201, "y": 102}, "topleft": {"x": 156, "y": 216}, "id": 1, "label": "person"}, {"bottomright": {"x": 667, "y": 75}, "topleft": {"x": 279, "y": 179}, "id": 1, "label": "person"}, {"bottomright": {"x": 278, "y": 263}, "topleft": {"x": 171, "y": 328}, "id": 1, "label": "person"}, {"bottomright": {"x": 550, "y": 268}, "topleft": {"x": 285, "y": 319}, "id": 1, "label": "person"}, {"bottomright": {"x": 808, "y": 126}, "topleft": {"x": 337, "y": 304}, "id": 1, "label": "person"}, {"bottomright": {"x": 140, "y": 4}, "topleft": {"x": 98, "y": 184}, "id": 1, "label": "person"}, {"bottomright": {"x": 461, "y": 49}, "topleft": {"x": 195, "y": 193}, "id": 1, "label": "person"}, {"bottomright": {"x": 958, "y": 24}, "topleft": {"x": 387, "y": 234}, "id": 1, "label": "person"}]