[{"bottomright": {"x": 559, "y": 268}, "topleft": {"x": 291, "y": 319}, "id": 1, "label": "person"}, {"bottomright": {"x": 671, "y": 77}, "topleft": {"x": 278, "y": 177}, "id": 1, "label": "person"}, {"bottomright": {"x": 476, "y": 119}, "topleft": {"x": 234, "y": 265}, "id": 1, "label": "person"}, {"bottomright": {"x": 279, "y": 255}, "topleft": {"x": 171, "y": 330}, "id": 1, "label": "person"}, {"bottomright": {"x": 194, "y": 101}, "topleft": {"x": 157, "y": 218}, "id": 1, "label": "person"}, {"bottomright": {"x": 809, "y": 130}, "topleft": {"x": 338, "y": 302}, "id": 1, "label": "person"}, {"bottomright": {"x": 472, "y": 45}, "topleft": {"x": 204, "y": 195}, "id": 1, "label": "person"}, {"bottomright": {"x": 985, "y": 34}, "topleft": {"x": 389, "y": 230}, "id": 1, "label": "person"}]