[{"bottomright": {"x": 488, "y": 249}, "topleft": {"x": 849, "y": 699}, "id": 1, "label": "person"}, {"bottomright": {"x": 468, "y": 97}, "topleft": {"x": 688, "y": 480}, "id": 1, "label": "person"}, {"bottomright": {"x": 670, "y": 76}, "topleft": {"x": 869, "y": 270}, "id": 1, "label": "person"}, {"bottomright": {"x": 274, "y": 272}, "topleft": {"x": 488, "y": 720}, "id": 1, "label": "person"}, {"bottomright": {"x": 806, "y": 124}, "topleft": {"x": 1037, "y": 657}, "id": 1, "label": "person"}, {"bottomright": {"x": 463, "y": 48}, "topleft": {"x": 602, "y": 333}, "id": 1, "label": "person"}, {"bottomright": {"x": 4, "y": -16}, "topleft": {"x": 163, "y": 700}, "id": 1, "label": "person"}, {"bottomright": {"x": 185, "y": 99}, "topleft": {"x": 475, "y": 393}, "id": 1, "label": "person"}, {"bottomright": {"x": 976, "y": 22}, "topleft": {"x": 1203, "y": 435}, "id": 1, "label": "person"}]