[{"bottomright": {"x": 473, "y": 101}, "topleft": {"x": 222, "y": 244}, "id": 1, "label": "person"}, {"bottomright": {"x": 268, "y": 276}, "topleft": {"x": 161, "y": 324}, "id": 1, "label": "person"}, {"bottomright": {"x": 456, "y": 249}, "topleft": {"x": 282, "y": 322}, "id": 1, "label": "person"}, {"bottomright": {"x": 189, "y": 104}, "topleft": {"x": 155, "y": 215}, "id": 1, "label": "person"}, {"bottomright": {"x": 805, "y": 135}, "topleft": {"x": 340, "y": 301}, "id": 1, "label": "person"}, {"bottomright": {"x": 673, "y": 65}, "topleft": {"x": 283, "y": 197}, "id": 1, "label": "person"}, {"bottomright": {"x": 464, "y": 50}, "topleft": {"x": 195, "y": 197}, "id": 1, "label": "person"}, {"bottomright": {"x": 122, "y": 5}, "topleft": {"x": 96, "y": 187}, "id": 1, "label": "person"}, {"bottomright": {"x": 981, "y": 18}, "topleft": {"x": 390, "y": 234}, "id": 1, "label": "person"}]