[{"bottomright": {"x": 476, "y": 100}, "topleft": {"x": 683, "y": 478}, "id": 1, "label": "person"}, {"bottomright": {"x": 545, "y": 263}, "topleft": {"x": 870, "y": 706}, "id": 1, "label": "person"}, {"bottomright": {"x": 283, "y": 267}, "topleft": {"x": 516, "y": 728}, "id": 1, "label": "person"}, {"bottomright": {"x": 670, "y": 83}, "topleft": {"x": 863, "y": 276}, "id": 1, "label": "person"}, {"bottomright": {"x": 197, "y": 101}, "topleft": {"x": 475, "y": 383}, "id": 1, "label": "person"}, {"bottomright": {"x": 462, "y": 49}, "topleft": {"x": 603, "y": 318}, "id": 1, "label": "person"}, {"bottomright": {"x": 125, "y": 6}, "topleft": {"x": 292, "y": 283}, "id": 1, "label": "person"}, {"bottomright": {"x": 822, "y": 106}, "topleft": {"x": 1063, "y": 672}, "id": 1, "label": "person"}]