[{"bottomright": {"x": 758, "y": 199}, "topleft": {"x": 305, "y": 328}, "id": 1, "label": "person"}, {"bottomright": {"x": 687, "y": 273}, "topleft": {"x": 253, "y": 306}, "id": 1, "label": "person"}, {"bottomright": {"x": 332, "y": 265}, "topleft": {"x": 133, "y": 262}, "id": 1, "label": "person"}, {"bottomright": {"x": 470, "y": 255}, "topleft": {"x": 170, "y": 268}, "id": 1, "label": "person"}, {"bottomright": {"x": 379, "y": 265}, "topleft": {"x": 143, "y": 262}, "id": 1, "label": "person"}, {"bottomright": {"x": 902, "y": 225}, "topleft": {"x": 331, "y": 309}, "id": 1, "label": "person"}]