[{"bottomright": {"x": 573, "y": 271}, "topleft": {"x": 298, "y": 317}, "id": 1, "label": "person"}, {"bottomright": {"x": 675, "y": 80}, "topleft": {"x": 281, "y": 177}, "id": 1, "label": "person"}, {"bottomright": {"x": 192, "y": 100}, "topleft": {"x": 159, "y": 219}, "id": 1, "label": "person"}, {"bottomright": {"x": 457, "y": 43}, "topleft": {"x": 197, "y": 196}, "id": 1, "label": "person"}, {"bottomright": {"x": 253, "y": 275}, "topleft": {"x": 192, "y": 323}, "id": 1, "label": "person"}, {"bottomright": {"x": 473, "y": 122}, "topleft": {"x": 236, "y": 265}, "id": 1, "label": "person"}, {"bottomright": {"x": 806, "y": 123}, "topleft": {"x": 337, "y": 305}, "id": 1, "label": "person"}, {"bottomright": {"x": 986, "y": 38}, "topleft": {"x": 390, "y": 228}, "id": 1, "label": "person"}]