[{"bottomright": {"x": 573, "y": 271}, "topleft": {"x": 917, "y": 698}, "id": 1, "label": "person"}, {"bottomright": {"x": 675, "y": 80}, "topleft": {"x": 865, "y": 265}, "id": 1, "label": "person"}, {"bottomright": {"x": 192, "y": 100}, "topleft": {"x": 489, "y": 393}, "id": 1, "label": "person"}, {"bottomright": {"x": 457, "y": 43}, "topleft": {"x": 608, "y": 324}, "id": 1, "label": "person"}, {"bottomright": {"x": 253, "y": 275}, "topleft": {"x": 590, "y": 715}, "id": 1, "label": "person"}, {"bottomright": {"x": 473, "y": 122}, "topleft": {"x": 726, "y": 537}, "id": 1, "label": "person"}, {"bottomright": {"x": 806, "y": 123}, "topleft": {"x": 1039, "y": 660}, "id": 1, "label": "person"}, {"bottomright": {"x": 986, "y": 38}, "topleft": {"x": 1199, "y": 421}, "id": 1, "label": "person"}]