[{"bottomright": {"x": 755, "y": 221}, "topleft": {"x": 309, "y": 324}, "id": 1, "label": "person"}, {"bottomright": {"x": 690, "y": 282}, "topleft": {"x": 260, "y": 308}, "id": 1, "label": "person"}, {"bottomright": {"x": 333, "y": 268}, "topleft": {"x": 133, "y": 261}, "id": 1, "label": "person"}, {"bottomright": {"x": 471, "y": 256}, "topleft": {"x": 170, "y": 267}, "id": 1, "label": "person"}, {"bottomright": {"x": 386, "y": 265}, "topleft": {"x": 143, "y": 262}, "id": 1, "label": "person"}, {"bottomright": {"x": 895, "y": 231}, "topleft": {"x": 327, "y": 308}, "id": 1, "label": "person"}]