[{"bottomright": {"x": 449, "y": 231}, "topleft": {"x": 278, "y": 322}, "id": 1, "label": "person"}, {"bottomright": {"x": 294, "y": 282}, "topleft": {"x": 166, "y": 318}, "id": 1, "label": "person"}, {"bottomright": {"x": 4, "y": 9}, "topleft": {"x": 49, "y": 310}, "id": 1, "label": "person"}, {"bottomright": {"x": 470, "y": 96}, "topleft": {"x": 223, "y": 248}, "id": 1, "label": "person"}, {"bottomright": {"x": 673, "y": 73}, "topleft": {"x": 282, "y": 178}, "id": 1, "label": "person"}, {"bottomright": {"x": 463, "y": 50}, "topleft": {"x": 196, "y": 197}, "id": 1, "label": "person"}, {"bottomright": {"x": 186, "y": 79}, "topleft": {"x": 158, "y": 217}, "id": 1, "label": "person"}, {"bottomright": {"x": 834, "y": 119}, "topleft": {"x": 345, "y": 303}, "id": 1, "label": "person"}, {"bottomright": {"x": 978, "y": 23}, "topleft": {"x": 390, "y": 233}, "id": 1, "label": "person"}, {"bottomright": {"x": 99, "y": 311}, "topleft": {"x": 109, "y": 325}, "id": 1, "label": "person"}]