[{"bottomright": {"x": 478, "y": 110}, "topleft": {"x": 233, "y": 266}, "id": 1, "label": "person"}, {"bottomright": {"x": 0, "y": 50}, "topleft": {"x": 48, "y": 317}, "id": 1, "label": "person"}, {"bottomright": {"x": 679, "y": 82}, "topleft": {"x": 285, "y": 177}, "id": 1, "label": "person"}, {"bottomright": {"x": 279, "y": 273}, "topleft": {"x": 170, "y": 325}, "id": 1, "label": "person"}, {"bottomright": {"x": 542, "y": 260}, "topleft": {"x": 285, "y": 320}, "id": 1, "label": "person"}, {"bottomright": {"x": 977, "y": 30}, "topleft": {"x": 391, "y": 228}, "id": 1, "label": "person"}, {"bottomright": {"x": 836, "y": 116}, "topleft": {"x": 344, "y": 304}, "id": 1, "label": "person"}]