[{"bottomright": {"x": 475, "y": 107}, "topleft": {"x": 233, "y": 265}, "id": 1, "label": "person"}, {"bottomright": {"x": 431, "y": 241}, "topleft": {"x": 284, "y": 321}, "id": 1, "label": "person"}, {"bottomright": {"x": 680, "y": 84}, "topleft": {"x": 285, "y": 178}, "id": 1, "label": "person"}, {"bottomright": {"x": 979, "y": 30}, "topleft": {"x": 390, "y": 229}, "id": 1, "label": "person"}, {"bottomright": {"x": 1, "y": 15}, "topleft": {"x": 53, "y": 330}, "id": 1, "label": "person"}, {"bottomright": {"x": 282, "y": 267}, "topleft": {"x": 169, "y": 326}, "id": 1, "label": "person"}, {"bottomright": {"x": 834, "y": 130}, "topleft": {"x": 344, "y": 302}, "id": 1, "label": "person"}, {"bottomright": {"x": 165, "y": 94}, "topleft": {"x": 167, "y": 233}, "id": 1, "label": "person"}]