[{"bottomright": {"x": 452, "y": 113}, "topleft": {"x": 230, "y": 265}, "id": 1, "label": "person"}, {"bottomright": {"x": 444, "y": 227}, "topleft": {"x": 282, "y": 321}, "id": 1, "label": "person"}, {"bottomright": {"x": 678, "y": 81}, "topleft": {"x": 284, "y": 178}, "id": 1, "label": "person"}, {"bottomright": {"x": 2, "y": -19}, "topleft": {"x": 56, "y": 320}, "id": 1, "label": "person"}, {"bottomright": {"x": 287, "y": 260}, "topleft": {"x": 169, "y": 326}, "id": 1, "label": "person"}, {"bottomright": {"x": 824, "y": 118}, "topleft": {"x": 335, "y": 305}, "id": 1, "label": "person"}, {"bottomright": {"x": 167, "y": 92}, "topleft": {"x": 165, "y": 233}, "id": 1, "label": "person"}, {"bottomright": {"x": 980, "y": 28}, "topleft": {"x": 390, "y": 229}, "id": 1, "label": "person"}]