[{"bottomright": {"x": 477, "y": 256}, "topleft": {"x": 850, "y": 687}, "id": 1, "label": "person"}, {"bottomright": {"x": 454, "y": 145}, "topleft": {"x": 683, "y": 509}, "id": 1, "label": "person"}, {"bottomright": {"x": 282, "y": 275}, "topleft": {"x": 519, "y": 710}, "id": 1, "label": "person"}, {"bottomright": {"x": 424, "y": 7}, "topleft": {"x": 701, "y": 268}, "id": 1, "label": "person"}, {"bottomright": {"x": 186, "y": 103}, "topleft": {"x": 513, "y": 394}, "id": 1, "label": "person"}, {"bottomright": {"x": 816, "y": 127}, "topleft": {"x": 1024, "y": 648}, "id": 1, "label": "person"}, {"bottomright": {"x": 980, "y": 27}, "topleft": {"x": 1201, "y": 436}, "id": 1, "label": "person"}, {"bottomright": {"x": 0, "y": 43}, "topleft": {"x": 216, "y": 622}, "id": 1, "label": "person"}]