[{"bottomright": {"x": 473, "y": 108}, "topleft": {"x": 721, "y": 542}, "id": 1, "label": "person"}, {"bottomright": {"x": 673, "y": 76}, "topleft": {"x": 871, "y": 267}, "id": 1, "label": "person"}, {"bottomright": {"x": 293, "y": 273}, "topleft": {"x": 511, "y": 711}, "id": 1, "label": "person"}, {"bottomright": {"x": 0, "y": 29}, "topleft": {"x": 137, "y": 663}, "id": 1, "label": "person"}, {"bottomright": {"x": 453, "y": 230}, "topleft": {"x": 865, "y": 709}, "id": 1, "label": "person"}, {"bottomright": {"x": 977, "y": 24}, "topleft": {"x": 1203, "y": 429}, "id": 1, "label": "person"}, {"bottomright": {"x": 836, "y": 115}, "topleft": {"x": 1063, "y": 660}, "id": 1, "label": "person"}, {"bottomright": {"x": 91, "y": 44}, "topleft": {"x": 464, "y": 722}, "id": 1, "label": "person"}]