[{"bottomright": {"x": 475, "y": 107}, "topleft": {"x": 716, "y": 536}, "id": 6, "label": "person"}, {"bottomright": {"x": 431, "y": 241}, "topleft": {"x": 874, "y": 708}, "id": 1, "label": "person"}, {"bottomright": {"x": 680, "y": 84}, "topleft": {"x": 877, "y": 269}, "id": 2, "label": "person"}, {"bottomright": {"x": 979, "y": 30}, "topleft": {"x": 1201, "y": 425}, "id": 8, "label": "person"}, {"bottomright": {"x": 1, "y": 15}, "topleft": {"x": 162, "y": 734}, "id": 10, "label": "person"}, {"bottomright": {"x": 282, "y": 267}, "topleft": {"x": 521, "y": 723}, "id": 5, "label": "person"}, {"bottomright": {"x": 834, "y": 130}, "topleft": {"x": 1059, "y": 649}, "id": 7, "label": "person"}, {"bottomright": {"x": 165, "y": 94}, "topleft": {"x": 515, "y": 437}, "id": 9, "label": "person"}]