[{"bottomright": {"x": 471, "y": 113}, "topleft": {"x": 722, "y": 548}, "id": 1, "label": "person"}, {"bottomright": {"x": 453, "y": 236}, "topleft": {"x": 860, "y": 710}, "id": 1, "label": "person"}, {"bottomright": {"x": 292, "y": 278}, "topleft": {"x": 514, "y": 708}, "id": 1, "label": "person"}, {"bottomright": {"x": 2, "y": 22}, "topleft": {"x": 152, "y": 665}, "id": 1, "label": "person"}, {"bottomright": {"x": 671, "y": 76}, "topleft": {"x": 863, "y": 266}, "id": 1, "label": "person"}, {"bottomright": {"x": 834, "y": 109}, "topleft": {"x": 1064, "y": 663}, "id": 1, "label": "person"}, {"bottomright": {"x": 979, "y": 23}, "topleft": {"x": 1204, "y": 433}, "id": 1, "label": "person"}, {"bottomright": {"x": 317, "y": 0}, "topleft": {"x": 601, "y": 269}, "id": 1, "label": "person"}]