[{"bottomright": {"x": 473, "y": 108}, "topleft": {"x": 234, "y": 267}, "id": 1, "label": "person"}, {"bottomright": {"x": 673, "y": 76}, "topleft": {"x": 283, "y": 178}, "id": 1, "label": "person"}, {"bottomright": {"x": 293, "y": 273}, "topleft": {"x": 166, "y": 322}, "id": 1, "label": "person"}, {"bottomright": {"x": 0, "y": 29}, "topleft": {"x": 44, "y": 306}, "id": 1, "label": "person"}, {"bottomright": {"x": 453, "y": 230}, "topleft": {"x": 281, "y": 321}, "id": 1, "label": "person"}, {"bottomright": {"x": 977, "y": 24}, "topleft": {"x": 391, "y": 231}, "id": 1, "label": "person"}, {"bottomright": {"x": 836, "y": 115}, "topleft": {"x": 345, "y": 305}, "id": 1, "label": "person"}, {"bottomright": {"x": 91, "y": 44}, "topleft": {"x": 151, "y": 325}, "id": 1, "label": "person"}]