[{"bottomright": {"x": 477, "y": 256}, "topleft": {"x": 276, "y": 314}, "id": 1, "label": "person"}, {"bottomright": {"x": 454, "y": 145}, "topleft": {"x": 222, "y": 257}, "id": 1, "label": "person"}, {"bottomright": {"x": 282, "y": 275}, "topleft": {"x": 169, "y": 322}, "id": 1, "label": "person"}, {"bottomright": {"x": 424, "y": 7}, "topleft": {"x": 228, "y": 178}, "id": 1, "label": "person"}, {"bottomright": {"x": 186, "y": 103}, "topleft": {"x": 166, "y": 219}, "id": 1, "label": "person"}, {"bottomright": {"x": 816, "y": 127}, "topleft": {"x": 333, "y": 302}, "id": 1, "label": "person"}, {"bottomright": {"x": 980, "y": 27}, "topleft": {"x": 390, "y": 233}, "id": 1, "label": "person"}, {"bottomright": {"x": 0, "y": 43}, "topleft": {"x": 70, "y": 293}, "id": 1, "label": "person"}]