[{"bottomright": {"x": 471, "y": 113}, "topleft": {"x": 234, "y": 269}, "id": 1, "label": "person"}, {"bottomright": {"x": 453, "y": 236}, "topleft": {"x": 280, "y": 321}, "id": 1, "label": "person"}, {"bottomright": {"x": 292, "y": 278}, "topleft": {"x": 167, "y": 321}, "id": 1, "label": "person"}, {"bottomright": {"x": 2, "y": 22}, "topleft": {"x": 49, "y": 307}, "id": 1, "label": "person"}, {"bottomright": {"x": 671, "y": 76}, "topleft": {"x": 280, "y": 177}, "id": 1, "label": "person"}, {"bottomright": {"x": 834, "y": 109}, "topleft": {"x": 346, "y": 306}, "id": 1, "label": "person"}, {"bottomright": {"x": 979, "y": 23}, "topleft": {"x": 391, "y": 232}, "id": 1, "label": "person"}, {"bottomright": {"x": 317, "y": 0}, "topleft": {"x": 195, "y": 178}, "id": 1, "label": "person"}]