[{"bottomright": {"x": 449, "y": 231}, "topleft": {"x": 856, "y": 711}, "id": 1, "label": "person"}, {"bottomright": {"x": 294, "y": 282}, "topleft": {"x": 511, "y": 701}, "id": 1, "label": "person"}, {"bottomright": {"x": 4, "y": 9}, "topleft": {"x": 151, "y": 675}, "id": 1, "label": "person"}, {"bottomright": {"x": 470, "y": 96}, "topleft": {"x": 686, "y": 484}, "id": 1, "label": "person"}, {"bottomright": {"x": 673, "y": 73}, "topleft": {"x": 868, "y": 267}, "id": 1, "label": "person"}, {"bottomright": {"x": 463, "y": 50}, "topleft": {"x": 602, "y": 327}, "id": 1, "label": "person"}, {"bottomright": {"x": 186, "y": 79}, "topleft": {"x": 486, "y": 390}, "id": 1, "label": "person"}, {"bottomright": {"x": 834, "y": 119}, "topleft": {"x": 1062, "y": 654}, "id": 1, "label": "person"}, {"bottomright": {"x": 978, "y": 23}, "topleft": {"x": 1202, "y": 438}, "id": 1, "label": "person"}, {"bottomright": {"x": 99, "y": 311}, "topleft": {"x": 336, "y": 722}, "id": 1, "label": "person"}]