[{"bottomright": {"x": 451, "y": 129}, "topleft": {"x": 226, "y": 263}, "id": 1, "label": "person"}, {"bottomright": {"x": 402, "y": 5}, "topleft": {"x": 218, "y": 180}, "id": 1, "label": "person"}, {"bottomright": {"x": 442, "y": 232}, "topleft": {"x": 282, "y": 320}, "id": 1, "label": "person"}, {"bottomright": {"x": 672, "y": 82}, "topleft": {"x": 283, "y": 178}, "id": 1, "label": "person"}, {"bottomright": {"x": 266, "y": 271}, "topleft": {"x": 162, "y": 326}, "id": 1, "label": "person"}, {"bottomright": {"x": 2, "y": -37}, "topleft": {"x": 57, "y": 325}, "id": 1, "label": "person"}, {"bottomright": {"x": 979, "y": 29}, "topleft": {"x": 390, "y": 230}, "id": 1, "label": "person"}, {"bottomright": {"x": 835, "y": 132}, "topleft": {"x": 342, "y": 266}, "id": 1, "label": "person"}]