[{"bottomright": {"x": 463, "y": 228}, "topleft": {"x": 862, "y": 711}, "id": 1, "label": "person"}, {"bottomright": {"x": 287, "y": 273}, "topleft": {"x": 517, "y": 718}, "id": 1, "label": "person"}, {"bottomright": {"x": 465, "y": 122}, "topleft": {"x": 691, "y": 536}, "id": 1, "label": "person"}, {"bottomright": {"x": 463, "y": 48}, "topleft": {"x": 603, "y": 332}, "id": 1, "label": "person"}, {"bottomright": {"x": 675, "y": 73}, "topleft": {"x": 864, "y": 269}, "id": 1, "label": "person"}, {"bottomright": {"x": 5, "y": 37}, "topleft": {"x": 148, "y": 652}, "id": 1, "label": "person"}, {"bottomright": {"x": 817, "y": 116}, "topleft": {"x": 1033, "y": 667}, "id": 1, "label": "person"}, {"bottomright": {"x": 975, "y": 25}, "topleft": {"x": 1204, "y": 434}, "id": 1, "label": "person"}]