[{"bottomright": {"x": 478, "y": 110}, "topleft": {"x": 717, "y": 538}, "id": 1, "label": "person"}, {"bottomright": {"x": 0, "y": 50}, "topleft": {"x": 149, "y": 695}, "id": 1, "label": "person"}, {"bottomright": {"x": 679, "y": 82}, "topleft": {"x": 877, "y": 266}, "id": 1, "label": "person"}, {"bottomright": {"x": 279, "y": 273}, "topleft": {"x": 525, "y": 720}, "id": 1, "label": "person"}, {"bottomright": {"x": 542, "y": 260}, "topleft": {"x": 877, "y": 704}, "id": 1, "label": "person"}, {"bottomright": {"x": 977, "y": 30}, "topleft": {"x": 1202, "y": 423}, "id": 1, "label": "person"}, {"bottomright": {"x": 836, "y": 116}, "topleft": {"x": 1058, "y": 657}, "id": 1, "label": "person"}]