[{"bottomright": {"x": 463, "y": 228}, "topleft": {"x": 280, "y": 322}, "id": 1, "label": "person"}, {"bottomright": {"x": 287, "y": 273}, "topleft": {"x": 168, "y": 324}, "id": 1, "label": "person"}, {"bottomright": {"x": 465, "y": 122}, "topleft": {"x": 224, "y": 265}, "id": 1, "label": "person"}, {"bottomright": {"x": 463, "y": 48}, "topleft": {"x": 196, "y": 199}, "id": 1, "label": "person"}, {"bottomright": {"x": 675, "y": 73}, "topleft": {"x": 281, "y": 178}, "id": 1, "label": "person"}, {"bottomright": {"x": 5, "y": 37}, "topleft": {"x": 48, "y": 303}, "id": 1, "label": "person"}, {"bottomright": {"x": 817, "y": 116}, "topleft": {"x": 336, "y": 308}, "id": 1, "label": "person"}, {"bottomright": {"x": 975, "y": 25}, "topleft": {"x": 391, "y": 232}, "id": 1, "label": "person"}]