[{"bottomright": {"x": 451, "y": 129}, "topleft": {"x": 695, "y": 531}, "id": 1, "label": "person"}, {"bottomright": {"x": 402, "y": 5}, "topleft": {"x": 672, "y": 274}, "id": 1, "label": "person"}, {"bottomright": {"x": 442, "y": 232}, "topleft": {"x": 868, "y": 705}, "id": 1, "label": "person"}, {"bottomright": {"x": 672, "y": 82}, "topleft": {"x": 872, "y": 269}, "id": 1, "label": "person"}, {"bottomright": {"x": 266, "y": 271}, "topleft": {"x": 499, "y": 724}, "id": 1, "label": "person"}, {"bottomright": {"x": 2, "y": -37}, "topleft": {"x": 177, "y": 721}, "id": 1, "label": "person"}, {"bottomright": {"x": 979, "y": 29}, "topleft": {"x": 1201, "y": 427}, "id": 1, "label": "person"}, {"bottomright": {"x": 835, "y": 132}, "topleft": {"x": 1053, "y": 539}, "id": 1, "label": "person"}]