[{"bottomright": {"x": 501, "y": 133}, "topleft": {"x": 226, "y": 241}, "id": 1, "label": "person"}, {"bottomright": {"x": 422, "y": 56}, "topleft": {"x": 192, "y": 201}, "id": 1, "label": "person"}, {"bottomright": {"x": 565, "y": 283}, "topleft": {"x": 290, "y": 316}, "id": 1, "label": "person"}, {"bottomright": {"x": 279, "y": 269}, "topleft": {"x": 170, "y": 324}, "id": 1, "label": "person"}, {"bottomright": {"x": -4, "y": 44}, "topleft": {"x": 47, "y": 319}, "id": 1, "label": "person"}, {"bottomright": {"x": 186, "y": 113}, "topleft": {"x": 162, "y": 221}, "id": 1, "label": "person"}, {"bottomright": {"x": 1003, "y": 25}, "topleft": {"x": 390, "y": 231}, "id": 1, "label": "person"}]