[{"bottomright": {"x": 279, "y": 264}, "topleft": {"x": 172, "y": 326}, "id": 1, "label": "person"}, {"bottomright": {"x": 468, "y": 153}, "topleft": {"x": 220, "y": 253}, "id": 1, "label": "person"}, {"bottomright": {"x": 593, "y": 268}, "topleft": {"x": 278, "y": 315}, "id": 1, "label": "person"}, {"bottomright": {"x": 446, "y": 48}, "topleft": {"x": 213, "y": 196}, "id": 1, "label": "person"}, {"bottomright": {"x": 3, "y": 16}, "topleft": {"x": 55, "y": 309}, "id": 1, "label": "person"}, {"bottomright": {"x": 774, "y": 140}, "topleft": {"x": 335, "y": 267}, "id": 1, "label": "person"}]