[{"bottomright": {"x": 263, "y": 276}, "topleft": {"x": 161, "y": 322}, "id": 1, "label": "person"}, {"bottomright": {"x": 486, "y": 262}, "topleft": {"x": 270, "y": 310}, "id": 1, "label": "person"}, {"bottomright": {"x": 992, "y": 29}, "topleft": {"x": 391, "y": 231}, "id": 1, "label": "person"}, {"bottomright": {"x": 485, "y": 133}, "topleft": {"x": 240, "y": 224}, "id": 1, "label": "person"}, {"bottomright": {"x": 540, "y": 8}, "topleft": {"x": 283, "y": 187}, "id": 1, "label": "person"}, {"bottomright": {"x": 8, "y": 26}, "topleft": {"x": 66, "y": 301}, "id": 1, "label": "person"}, {"bottomright": {"x": 193, "y": 96}, "topleft": {"x": 159, "y": 215}, "id": 1, "label": "person"}, {"bottomright": {"x": 780, "y": 135}, "topleft": {"x": 335, "y": 266}, "id": 1, "label": "person"}]