[{"bottomright": {"x": 264, "y": 269}, "topleft": {"x": 163, "y": 324}, "id": 1, "label": "person"}, {"bottomright": {"x": 466, "y": 162}, "topleft": {"x": 216, "y": 252}, "id": 1, "label": "person"}, {"bottomright": {"x": 594, "y": 258}, "topleft": {"x": 273, "y": 319}, "id": 1, "label": "person"}, {"bottomright": {"x": 453, "y": 49}, "topleft": {"x": 215, "y": 195}, "id": 1, "label": "person"}, {"bottomright": {"x": 0, "y": 25}, "topleft": {"x": 59, "y": 303}, "id": 1, "label": "person"}, {"bottomright": {"x": 773, "y": 141}, "topleft": {"x": 338, "y": 265}, "id": 1, "label": "person"}]