[{"bottomright": {"x": 427, "y": 54}, "topleft": {"x": 195, "y": 196}, "id": 1, "label": "person"}, {"bottomright": {"x": 502, "y": 132}, "topleft": {"x": 226, "y": 240}, "id": 1, "label": "person"}, {"bottomright": {"x": 261, "y": 268}, "topleft": {"x": 165, "y": 325}, "id": 1, "label": "person"}, {"bottomright": {"x": 0, "y": 59}, "topleft": {"x": 50, "y": 316}, "id": 1, "label": "person"}, {"bottomright": {"x": 566, "y": 281}, "topleft": {"x": 287, "y": 314}, "id": 1, "label": "person"}, {"bottomright": {"x": 181, "y": 114}, "topleft": {"x": 164, "y": 220}, "id": 1, "label": "person"}, {"bottomright": {"x": 785, "y": 138}, "topleft": {"x": 337, "y": 296}, "id": 1, "label": "person"}]