[{"bottomright": {"x": 261, "y": 265}, "topleft": {"x": 165, "y": 325}, "id": 1, "label": "person"}, {"bottomright": {"x": 439, "y": 50}, "topleft": {"x": 201, "y": 196}, "id": 1, "label": "person"}, {"bottomright": {"x": 485, "y": 138}, "topleft": {"x": 220, "y": 239}, "id": 1, "label": "person"}, {"bottomright": {"x": 1, "y": 59}, "topleft": {"x": 53, "y": 316}, "id": 1, "label": "person"}, {"bottomright": {"x": 601, "y": 263}, "topleft": {"x": 276, "y": 316}, "id": 1, "label": "person"}, {"bottomright": {"x": 190, "y": 112}, "topleft": {"x": 159, "y": 218}, "id": 1, "label": "person"}, {"bottomright": {"x": 770, "y": 143}, "topleft": {"x": 336, "y": 263}, "id": 1, "label": "person"}]