[{"bottomright": {"x": 501, "y": 133}, "topleft": {"x": 695, "y": 463}, "id": 1, "label": "person"}, {"bottomright": {"x": 422, "y": 56}, "topleft": {"x": 592, "y": 339}, "id": 1, "label": "person"}, {"bottomright": {"x": 565, "y": 283}, "topleft": {"x": 892, "y": 692}, "id": 1, "label": "person"}, {"bottomright": {"x": 279, "y": 269}, "topleft": {"x": 523, "y": 716}, "id": 1, "label": "person"}, {"bottomright": {"x": -4, "y": 44}, "topleft": {"x": 145, "y": 702}, "id": 1, "label": "person"}, {"bottomright": {"x": 186, "y": 113}, "topleft": {"x": 500, "y": 400}, "id": 1, "label": "person"}, {"bottomright": {"x": 1003, "y": 25}, "topleft": {"x": 1199, "y": 430}, "id": 1, "label": "person"}]