[{"bottomright": {"x": 416, "y": 58}, "topleft": {"x": 193, "y": 196}, "id": 1, "label": "person"}, {"bottomright": {"x": 502, "y": 130}, "topleft": {"x": 226, "y": 243}, "id": 1, "label": "person"}, {"bottomright": {"x": 617, "y": 266}, "topleft": {"x": 287, "y": 317}, "id": 1, "label": "person"}, {"bottomright": {"x": 272, "y": 269}, "topleft": {"x": 171, "y": 324}, "id": 1, "label": "person"}, {"bottomright": {"x": -2, "y": 42}, "topleft": {"x": 49, "y": 319}, "id": 1, "label": "person"}, {"bottomright": {"x": 187, "y": 113}, "topleft": {"x": 164, "y": 225}, "id": 1, "label": "person"}, {"bottomright": {"x": 938, "y": 8}, "topleft": {"x": 379, "y": 243}, "id": 1, "label": "person"}, {"bottomright": {"x": 783, "y": 138}, "topleft": {"x": 341, "y": 297}, "id": 1, "label": "person"}, {"bottomright": {"x": 675, "y": 100}, "topleft": {"x": 280, "y": 180}, "id": 1, "label": "person"}]