[{"bottomright": {"x": 264, "y": 269}, "topleft": {"x": 502, "y": 718}, "id": 1, "label": "person"}, {"bottomright": {"x": 466, "y": 162}, "topleft": {"x": 663, "y": 495}, "id": 1, "label": "person"}, {"bottomright": {"x": 594, "y": 258}, "topleft": {"x": 841, "y": 703}, "id": 1, "label": "person"}, {"bottomright": {"x": 453, "y": 49}, "topleft": {"x": 663, "y": 321}, "id": 1, "label": "person"}, {"bottomright": {"x": 0, "y": 25}, "topleft": {"x": 181, "y": 653}, "id": 1, "label": "person"}, {"bottomright": {"x": 773, "y": 141}, "topleft": {"x": 1042, "y": 536}, "id": 1, "label": "person"}]