[{"bottomright": {"x": 416, "y": 58}, "topleft": {"x": 593, "y": 325}, "id": 7, "label": "person"}, {"bottomright": {"x": 502, "y": 130}, "topleft": {"x": 694, "y": 467}, "id": 6, "label": "person"}, {"bottomright": {"x": 617, "y": 266}, "topleft": {"x": 884, "y": 696}, "id": 1, "label": "person"}, {"bottomright": {"x": 272, "y": 269}, "topleft": {"x": 526, "y": 716}, "id": 5, "label": "person"}, {"bottomright": {"x": 0, "y": 42}, "topleft": {"x": 154, "y": 703}, "id": 10, "label": "person"}, {"bottomright": {"x": 187, "y": 113}, "topleft": {"x": 505, "y": 412}, "id": 9, "label": "person"}, {"bottomright": {"x": 938, "y": 8}, "topleft": {"x": 1166, "y": 468}, "id": 8, "label": "person"}, {"bottomright": {"x": 783, "y": 138}, "topleft": {"x": 1049, "y": 635}, "id": 4, "label": "person"}, {"bottomright": {"x": 675, "y": 100}, "topleft": {"x": 862, "y": 275}, "id": 2, "label": "person"}]