[{"bottomright": {"x": 473, "y": 152}, "topleft": {"x": 659, "y": 440}, "id": 1, "label": "person"}, {"bottomright": {"x": 264, "y": 276}, "topleft": {"x": 497, "y": 708}, "id": 1, "label": "person"}, {"bottomright": {"x": 451, "y": 53}, "topleft": {"x": 653, "y": 307}, "id": 1, "label": "person"}, {"bottomright": {"x": 544, "y": 269}, "topleft": {"x": 876, "y": 671}, "id": 1, "label": "person"}, {"bottomright": {"x": 680, "y": 12}, "topleft": {"x": 870, "y": 389}, "id": 1, "label": "person"}, {"bottomright": {"x": 0, "y": -22}, "topleft": {"x": 180, "y": 704}, "id": 1, "label": "person"}, {"bottomright": {"x": 189, "y": 100}, "topleft": {"x": 486, "y": 388}, "id": 1, "label": "person"}]