[{"bottomright": {"x": 427, "y": 54}, "topleft": {"x": 602, "y": 324}, "id": 1, "label": "person"}, {"bottomright": {"x": 502, "y": 132}, "topleft": {"x": 695, "y": 459}, "id": 1, "label": "person"}, {"bottomright": {"x": 261, "y": 268}, "topleft": {"x": 509, "y": 719}, "id": 1, "label": "person"}, {"bottomright": {"x": 0, "y": 59}, "topleft": {"x": 155, "y": 693}, "id": 1, "label": "person"}, {"bottomright": {"x": 566, "y": 281}, "topleft": {"x": 883, "y": 688}, "id": 1, "label": "person"}, {"bottomright": {"x": 181, "y": 114}, "topleft": {"x": 504, "y": 397}, "id": 1, "label": "person"}, {"bottomright": {"x": 785, "y": 138}, "topleft": {"x": 1038, "y": 632}, "id": 1, "label": "person"}]