[{"bottomright": {"x": 261, "y": 265}, "topleft": {"x": 507, "y": 720}, "id": 5, "label": "person"}, {"bottomright": {"x": 439, "y": 50}, "topleft": {"x": 618, "y": 324}, "id": 7, "label": "person"}, {"bottomright": {"x": 485, "y": 138}, "topleft": {"x": 678, "y": 457}, "id": 6, "label": "person"}, {"bottomright": {"x": 1, "y": 59}, "topleft": {"x": 162, "y": 694}, "id": 10, "label": "person"}, {"bottomright": {"x": 601, "y": 263}, "topleft": {"x": 849, "y": 692}, "id": 1, "label": "person"}, {"bottomright": {"x": 190, "y": 112}, "topleft": {"x": 489, "y": 392}, "id": 9, "label": "person"}, {"bottomright": {"x": 770, "y": 143}, "topleft": {"x": 1034, "y": 528}, "id": 4, "label": "person"}]