[{"bottomright": {"x": 473, "y": 152}, "topleft": {"x": 214, "y": 234}, "id": 1, "label": "person"}, {"bottomright": {"x": 264, "y": 276}, "topleft": {"x": 162, "y": 321}, "id": 1, "label": "person"}, {"bottomright": {"x": 451, "y": 53}, "topleft": {"x": 212, "y": 191}, "id": 1, "label": "person"}, {"bottomright": {"x": 544, "y": 269}, "topleft": {"x": 285, "y": 309}, "id": 1, "label": "person"}, {"bottomright": {"x": 680, "y": 12}, "topleft": {"x": 283, "y": 217}, "id": 1, "label": "person"}, {"bottomright": {"x": 0, "y": -22}, "topleft": {"x": 59, "y": 319}, "id": 1, "label": "person"}, {"bottomright": {"x": 189, "y": 100}, "topleft": {"x": 158, "y": 217}, "id": 1, "label": "person"}]