[{"bottomright": {"x": 395, "y": 56}, "topleft": {"x": 578, "y": 329}, "id": 1, "label": "person"}, {"bottomright": {"x": 622, "y": 264}, "topleft": {"x": 887, "y": 699}, "id": 1, "label": "person"}, {"bottomright": {"x": 493, "y": 132}, "topleft": {"x": 702, "y": 462}, "id": 1, "label": "person"}, {"bottomright": {"x": 1, "y": 38}, "topleft": {"x": 160, "y": 705}, "id": 1, "label": "person"}, {"bottomright": {"x": 262, "y": 274}, "topleft": {"x": 508, "y": 716}, "id": 1, "label": "person"}, {"bottomright": {"x": 672, "y": 84}, "topleft": {"x": 867, "y": 262}, "id": 1, "label": "person"}, {"bottomright": {"x": 92, "y": 92}, "topleft": {"x": 460, "y": 694}, "id": 1, "label": "person"}, {"bottomright": {"x": 772, "y": 151}, "topleft": {"x": 1055, "y": 432}, "id": 1, "label": "person"}]