[{"bottomright": {"x": 627, "y": 262}, "topleft": {"x": 290, "y": 319}, "id": 1, "label": "person"}, {"bottomright": {"x": 509, "y": 113}, "topleft": {"x": 228, "y": 239}, "id": 1, "label": "person"}, {"bottomright": {"x": 273, "y": 265}, "topleft": {"x": 173, "y": 326}, "id": 1, "label": "person"}, {"bottomright": {"x": 0, "y": -5}, "topleft": {"x": 59, "y": 313}, "id": 1, "label": "person"}, {"bottomright": {"x": 417, "y": 47}, "topleft": {"x": 188, "y": 192}, "id": 1, "label": "person"}, {"bottomright": {"x": 736, "y": 61}, "topleft": {"x": 286, "y": 191}, "id": 1, "label": "person"}, {"bottomright": {"x": 793, "y": 143}, "topleft": {"x": 340, "y": 259}, "id": 1, "label": "person"}, {"bottomright": {"x": 958, "y": 44}, "topleft": {"x": 387, "y": 231}, "id": 1, "label": "person"}]