[{"bottomright": {"x": 422, "y": 45}, "topleft": {"x": 192, "y": 206}, "id": 1, "label": "person"}, {"bottomright": {"x": 497, "y": 143}, "topleft": {"x": 229, "y": 255}, "id": 1, "label": "person"}, {"bottomright": {"x": 279, "y": 263}, "topleft": {"x": 169, "y": 326}, "id": 1, "label": "person"}, {"bottomright": {"x": -5, "y": 36}, "topleft": {"x": 46, "y": 322}, "id": 1, "label": "person"}, {"bottomright": {"x": 572, "y": 287}, "topleft": {"x": 289, "y": 317}, "id": 1, "label": "person"}, {"bottomright": {"x": 138, "y": 101}, "topleft": {"x": 162, "y": 309}, "id": 1, "label": "person"}, {"bottomright": {"x": 674, "y": 89}, "topleft": {"x": 284, "y": 179}, "id": 1, "label": "person"}]