[{"bottomright": {"x": 417, "y": 44}, "topleft": {"x": 193, "y": 196}, "id": 1, "label": "person"}, {"bottomright": {"x": 474, "y": 125}, "topleft": {"x": 235, "y": 262}, "id": 1, "label": "person"}, {"bottomright": {"x": 581, "y": 285}, "topleft": {"x": 295, "y": 316}, "id": 1, "label": "person"}, {"bottomright": {"x": -1, "y": 34}, "topleft": {"x": 69, "y": 299}, "id": 1, "label": "person"}, {"bottomright": {"x": 276, "y": 260}, "topleft": {"x": 170, "y": 327}, "id": 1, "label": "person"}, {"bottomright": {"x": 132, "y": 100}, "topleft": {"x": 162, "y": 310}, "id": 1, "label": "person"}, {"bottomright": {"x": 713, "y": 55}, "topleft": {"x": 288, "y": 191}, "id": 1, "label": "person"}, {"bottomright": {"x": 981, "y": 21}, "topleft": {"x": 392, "y": 268}, "id": 1, "label": "person"}, {"bottomright": {"x": 788, "y": 107}, "topleft": {"x": 340, "y": 306}, "id": 1, "label": "person"}]