[{"bottomright": {"x": 490, "y": 126}, "topleft": {"x": 704, "y": 452}, "id": 6, "label": "person"}, {"bottomright": {"x": 406, "y": 47}, "topleft": {"x": 592, "y": 333}, "id": 7, "label": "person"}, {"bottomright": {"x": 0, "y": 30}, "topleft": {"x": 179, "y": 657}, "id": 10, "label": "person"}, {"bottomright": {"x": 263, "y": 265}, "topleft": {"x": 507, "y": 721}, "id": 5, "label": "person"}, {"bottomright": {"x": 625, "y": 261}, "topleft": {"x": 887, "y": 693}, "id": 1, "label": "person"}, {"bottomright": {"x": 787, "y": 147}, "topleft": {"x": 1052, "y": 516}, "id": 4, "label": "person"}, {"bottomright": {"x": 91, "y": 88}, "topleft": {"x": 460, "y": 696}, "id": 9, "label": "person"}, {"bottomright": {"x": 673, "y": 79}, "topleft": {"x": 868, "y": 268}, "id": 2, "label": "person"}]