[{"bottomright": {"x": 622, "y": 264}, "topleft": {"x": 288, "y": 317}, "id": 1, "label": "person"}, {"bottomright": {"x": 277, "y": 260}, "topleft": {"x": 172, "y": 327}, "id": 1, "label": "person"}, {"bottomright": {"x": 497, "y": 103}, "topleft": {"x": 228, "y": 243}, "id": 1, "label": "person"}, {"bottomright": {"x": 417, "y": 50}, "topleft": {"x": 188, "y": 195}, "id": 1, "label": "person"}, {"bottomright": {"x": 0, "y": 11}, "topleft": {"x": 59, "y": 309}, "id": 1, "label": "person"}, {"bottomright": {"x": 788, "y": 124}, "topleft": {"x": 338, "y": 242}, "id": 1, "label": "person"}, {"bottomright": {"x": 59, "y": 75}, "topleft": {"x": 160, "y": 320}, "id": 1, "label": "person"}, {"bottomright": {"x": 740, "y": 60}, "topleft": {"x": 291, "y": 188}, "id": 1, "label": "person"}]