[{"bottomright": {"x": 417, "y": 44}, "topleft": {"x": 594, "y": 324}, "id": 1, "label": "person"}, {"bottomright": {"x": 474, "y": 125}, "topleft": {"x": 723, "y": 528}, "id": 1, "label": "person"}, {"bottomright": {"x": 581, "y": 285}, "topleft": {"x": 908, "y": 694}, "id": 1, "label": "person"}, {"bottomright": {"x": -1, "y": 34}, "topleft": {"x": 213, "y": 639}, "id": 1, "label": "person"}, {"bottomright": {"x": 276, "y": 260}, "topleft": {"x": 523, "y": 726}, "id": 1, "label": "person"}, {"bottomright": {"x": 132, "y": 100}, "topleft": {"x": 498, "y": 675}, "id": 1, "label": "person"}, {"bottomright": {"x": 713, "y": 55}, "topleft": {"x": 886, "y": 308}, "id": 1, "label": "person"}, {"bottomright": {"x": 981, "y": 21}, "topleft": {"x": 1208, "y": 545}, "id": 1, "label": "person"}, {"bottomright": {"x": 788, "y": 107}, "topleft": {"x": 1048, "y": 664}, "id": 1, "label": "person"}]