[{"bottomright": {"x": 490, "y": 126}, "topleft": {"x": 229, "y": 238}, "id": 1, "label": "person"}, {"bottomright": {"x": 406, "y": 47}, "topleft": {"x": 192, "y": 199}, "id": 1, "label": "person"}, {"bottomright": {"x": 0, "y": 30}, "topleft": {"x": 58, "y": 304}, "id": 1, "label": "person"}, {"bottomright": {"x": 263, "y": 265}, "topleft": {"x": 164, "y": 325}, "id": 1, "label": "person"}, {"bottomright": {"x": 625, "y": 261}, "topleft": {"x": 288, "y": 316}, "id": 1, "label": "person"}, {"bottomright": {"x": 787, "y": 147}, "topleft": {"x": 342, "y": 258}, "id": 1, "label": "person"}, {"bottomright": {"x": 91, "y": 88}, "topleft": {"x": 150, "y": 317}, "id": 1, "label": "person"}, {"bottomright": {"x": 673, "y": 79}, "topleft": {"x": 282, "y": 178}, "id": 1, "label": "person"}]