[{"bottomright": {"x": 593, "y": 239}, "topleft": {"x": 1040, "y": 707}, "id": 1, "label": "person"}, {"bottomright": {"x": 548, "y": 127}, "topleft": {"x": 777, "y": 545}, "id": 5, "label": "person"}, {"bottomright": {"x": 170, "y": 67}, "topleft": {"x": 513, "y": 716}, "id": 3, "label": "person"}, {"bottomright": {"x": 483, "y": 39}, "topleft": {"x": 670, "y": 352}, "id": 2, "label": "person"}, {"bottomright": {"x": 325, "y": 285}, "topleft": {"x": 614, "y": 704}, "id": 4, "label": "person"}, {"bottomright": {"x": 763, "y": 49}, "topleft": {"x": 929, "y": 256}, "id": 7, "label": "person"}, {"bottomright": {"x": 901, "y": 87}, "topleft": {"x": 1118, "y": 484}, "id": 6, "label": "person"}]