[{"bottomright": {"x": 419, "y": 49}, "topleft": {"x": 195, "y": 200}, "id": 1, "label": "person"}, {"bottomright": {"x": 278, "y": 260}, "topleft": {"x": 170, "y": 326}, "id": 1, "label": "person"}, {"bottomright": {"x": 491, "y": 129}, "topleft": {"x": 230, "y": 238}, "id": 1, "label": "person"}, {"bottomright": {"x": -1, "y": 17}, "topleft": {"x": 69, "y": 305}, "id": 1, "label": "person"}, {"bottomright": {"x": 630, "y": 263}, "topleft": {"x": 291, "y": 316}, "id": 1, "label": "person"}, {"bottomright": {"x": 70, "y": 77}, "topleft": {"x": 157, "y": 319}, "id": 1, "label": "person"}, {"bottomright": {"x": 988, "y": 23}, "topleft": {"x": 392, "y": 267}, "id": 1, "label": "person"}, {"bottomright": {"x": 788, "y": 131}, "topleft": {"x": 339, "y": 265}, "id": 1, "label": "person"}, {"bottomright": {"x": 726, "y": 56}, "topleft": {"x": 288, "y": 190}, "id": 1, "label": "person"}]