[{"bottomright": {"x": 502, "y": 131}, "topleft": {"x": 698, "y": 466}, "id": 1, "label": "person"}, {"bottomright": {"x": 424, "y": 52}, "topleft": {"x": 591, "y": 349}, "id": 1, "label": "person"}, {"bottomright": {"x": 279, "y": 265}, "topleft": {"x": 523, "y": 718}, "id": 1, "label": "person"}, {"bottomright": {"x": 567, "y": 284}, "topleft": {"x": 892, "y": 693}, "id": 1, "label": "person"}, {"bottomright": {"x": -5, "y": 45}, "topleft": {"x": 144, "y": 701}, "id": 1, "label": "person"}, {"bottomright": {"x": 174, "y": 117}, "topleft": {"x": 494, "y": 401}, "id": 1, "label": "person"}, {"bottomright": {"x": 1043, "y": 23}, "topleft": {"x": 1274, "y": 433}, "id": 1, "label": "person"}, {"bottomright": {"x": 687, "y": 88}, "topleft": {"x": 911, "y": 265}, "id": 1, "label": "person"}]