[{"bottomright": {"x": 627, "y": 262}, "topleft": {"x": 891, "y": 702}, "id": 1, "label": "person"}, {"bottomright": {"x": 509, "y": 113}, "topleft": {"x": 701, "y": 456}, "id": 1, "label": "person"}, {"bottomright": {"x": 273, "y": 265}, "topleft": {"x": 533, "y": 724}, "id": 1, "label": "person"}, {"bottomright": {"x": 0, "y": -5}, "topleft": {"x": 182, "y": 686}, "id": 1, "label": "person"}, {"bottomright": {"x": 417, "y": 47}, "topleft": {"x": 579, "y": 310}, "id": 1, "label": "person"}, {"bottomright": {"x": 736, "y": 61}, "topleft": {"x": 882, "y": 310}, "id": 1, "label": "person"}, {"bottomright": {"x": 793, "y": 143}, "topleft": {"x": 1046, "y": 518}, "id": 1, "label": "person"}, {"bottomright": {"x": 958, "y": 44}, "topleft": {"x": 1191, "y": 431}, "id": 1, "label": "person"}]