[{"bottomright": {"x": 395, "y": 56}, "topleft": {"x": 188, "y": 198}, "id": 1, "label": "person"}, {"bottomright": {"x": 622, "y": 264}, "topleft": {"x": 288, "y": 318}, "id": 1, "label": "person"}, {"bottomright": {"x": 493, "y": 132}, "topleft": {"x": 228, "y": 241}, "id": 1, "label": "person"}, {"bottomright": {"x": 1, "y": 38}, "topleft": {"x": 52, "y": 320}, "id": 1, "label": "person"}, {"bottomright": {"x": 262, "y": 274}, "topleft": {"x": 165, "y": 323}, "id": 1, "label": "person"}, {"bottomright": {"x": 672, "y": 84}, "topleft": {"x": 282, "y": 176}, "id": 1, "label": "person"}, {"bottomright": {"x": 92, "y": 92}, "topleft": {"x": 149, "y": 316}, "id": 1, "label": "person"}, {"bottomright": {"x": 772, "y": 151}, "topleft": {"x": 343, "y": 231}, "id": 1, "label": "person"}]