[{"bottomright": {"x": 587, "y": 239}, "topleft": {"x": 1040, "y": 705}, "id": 1, "label": "person"}, {"bottomright": {"x": 550, "y": 132}, "topleft": {"x": 774, "y": 529}, "id": 5, "label": "person"}, {"bottomright": {"x": 173, "y": 70}, "topleft": {"x": 502, "y": 712}, "id": 3, "label": "person"}, {"bottomright": {"x": 485, "y": 41}, "topleft": {"x": 672, "y": 354}, "id": 2, "label": "person"}, {"bottomright": {"x": 328, "y": 279}, "topleft": {"x": 615, "y": 705}, "id": 4, "label": "person"}, {"bottomright": {"x": 901, "y": 100}, "topleft": {"x": 1128, "y": 560}, "id": 6, "label": "person"}, {"bottomright": {"x": 763, "y": 53}, "topleft": {"x": 929, "y": 255}, "id": 7, "label": "person"}]