[{"bottomright": {"x": 408, "y": 50}, "topleft": {"x": 192, "y": 204}, "id": 1, "label": "person"}, {"bottomright": {"x": -3, "y": 47}, "topleft": {"x": 48, "y": 319}, "id": 1, "label": "person"}, {"bottomright": {"x": 625, "y": 270}, "topleft": {"x": 288, "y": 317}, "id": 1, "label": "person"}, {"bottomright": {"x": 502, "y": 133}, "topleft": {"x": 226, "y": 239}, "id": 1, "label": "person"}, {"bottomright": {"x": 278, "y": 265}, "topleft": {"x": 170, "y": 326}, "id": 1, "label": "person"}, {"bottomright": {"x": 130, "y": 98}, "topleft": {"x": 164, "y": 309}, "id": 1, "label": "person"}, {"bottomright": {"x": 675, "y": 91}, "topleft": {"x": 282, "y": 178}, "id": 1, "label": "person"}, {"bottomright": {"x": 789, "y": 151}, "topleft": {"x": 338, "y": 294}, "id": 1, "label": "person"}]