[{"bottomright": {"x": 422, "y": 45}, "topleft": {"x": 592, "y": 354}, "id": 1, "label": "person"}, {"bottomright": {"x": 497, "y": 143}, "topleft": {"x": 706, "y": 505}, "id": 1, "label": "person"}, {"bottomright": {"x": 279, "y": 263}, "topleft": {"x": 521, "y": 723}, "id": 1, "label": "person"}, {"bottomright": {"x": -5, "y": 36}, "topleft": {"x": 144, "y": 711}, "id": 1, "label": "person"}, {"bottomright": {"x": 572, "y": 287}, "topleft": {"x": 890, "y": 695}, "id": 1, "label": "person"}, {"bottomright": {"x": 138, "y": 101}, "topleft": {"x": 500, "y": 670}, "id": 1, "label": "person"}, {"bottomright": {"x": 674, "y": 89}, "topleft": {"x": 874, "y": 271}, "id": 1, "label": "person"}]