[{"bottomright": {"x": 419, "y": 49}, "topleft": {"x": 600, "y": 337}, "id": 1, "label": "person"}, {"bottomright": {"x": 278, "y": 260}, "topleft": {"x": 523, "y": 724}, "id": 1, "label": "person"}, {"bottomright": {"x": 491, "y": 129}, "topleft": {"x": 708, "y": 453}, "id": 1, "label": "person"}, {"bottomright": {"x": -1, "y": 17}, "topleft": {"x": 214, "y": 660}, "id": 1, "label": "person"}, {"bottomright": {"x": 630, "y": 263}, "topleft": {"x": 894, "y": 694}, "id": 1, "label": "person"}, {"bottomright": {"x": 70, "y": 77}, "topleft": {"x": 483, "y": 704}, "id": 1, "label": "person"}, {"bottomright": {"x": 988, "y": 23}, "topleft": {"x": 1207, "y": 541}, "id": 1, "label": "person"}, {"bottomright": {"x": 788, "y": 131}, "topleft": {"x": 1045, "y": 535}, "id": 1, "label": "person"}, {"bottomright": {"x": 726, "y": 56}, "topleft": {"x": 886, "y": 305}, "id": 1, "label": "person"}]