[{"bottomright": {"x": 502, "y": 131}, "topleft": {"x": 227, "y": 242}, "id": 1, "label": "person"}, {"bottomright": {"x": 424, "y": 52}, "topleft": {"x": 192, "y": 204}, "id": 1, "label": "person"}, {"bottomright": {"x": 279, "y": 265}, "topleft": {"x": 170, "y": 324}, "id": 1, "label": "person"}, {"bottomright": {"x": 567, "y": 284}, "topleft": {"x": 290, "y": 316}, "id": 1, "label": "person"}, {"bottomright": {"x": -5, "y": 45}, "topleft": {"x": 46, "y": 319}, "id": 1, "label": "person"}, {"bottomright": {"x": 174, "y": 117}, "topleft": {"x": 160, "y": 221}, "id": 1, "label": "person"}, {"bottomright": {"x": 1043, "y": 23}, "topleft": {"x": 414, "y": 232}, "id": 1, "label": "person"}, {"bottomright": {"x": 687, "y": 88}, "topleft": {"x": 296, "y": 177}, "id": 1, "label": "person"}]