[{"bottomright": {"x": 408, "y": 50}, "topleft": {"x": 591, "y": 347}, "id": 1, "label": "person"}, {"bottomright": {"x": -3, "y": 47}, "topleft": {"x": 151, "y": 704}, "id": 1, "label": "person"}, {"bottomright": {"x": 625, "y": 270}, "topleft": {"x": 887, "y": 697}, "id": 1, "label": "person"}, {"bottomright": {"x": 502, "y": 133}, "topleft": {"x": 696, "y": 456}, "id": 1, "label": "person"}, {"bottomright": {"x": 278, "y": 265}, "topleft": {"x": 524, "y": 724}, "id": 1, "label": "person"}, {"bottomright": {"x": 130, "y": 98}, "topleft": {"x": 505, "y": 672}, "id": 1, "label": "person"}, {"bottomright": {"x": 675, "y": 91}, "topleft": {"x": 868, "y": 267}, "id": 1, "label": "person"}, {"bottomright": {"x": 789, "y": 151}, "topleft": {"x": 1042, "y": 626}, "id": 1, "label": "person"}]