[{"bottomright": {"x": 413, "y": 53}, "topleft": {"x": 191, "y": 199}, "id": 1, "label": "person"}, {"bottomright": {"x": 266, "y": 269}, "topleft": {"x": 164, "y": 325}, "id": 1, "label": "person"}, {"bottomright": {"x": 486, "y": 125}, "topleft": {"x": 231, "y": 239}, "id": 1, "label": "person"}, {"bottomright": {"x": 568, "y": 276}, "topleft": {"x": 293, "y": 316}, "id": 1, "label": "person"}, {"bottomright": {"x": 0, "y": 12}, "topleft": {"x": 59, "y": 309}, "id": 1, "label": "person"}, {"bottomright": {"x": 82, "y": 83}, "topleft": {"x": 154, "y": 319}, "id": 1, "label": "person"}, {"bottomright": {"x": 789, "y": 138}, "topleft": {"x": 338, "y": 261}, "id": 1, "label": "person"}]