[{"bottomright": {"x": 637, "y": 250}, "topleft": {"x": 291, "y": 319}, "id": 1, "label": "person"}, {"bottomright": {"x": 681, "y": 64}, "topleft": {"x": 273, "y": 193}, "id": 1, "label": "person"}, {"bottomright": {"x": 419, "y": 55}, "topleft": {"x": 189, "y": 197}, "id": 1, "label": "person"}, {"bottomright": {"x": 261, "y": 265}, "topleft": {"x": 164, "y": 325}, "id": 1, "label": "person"}, {"bottomright": {"x": 485, "y": 130}, "topleft": {"x": 245, "y": 228}, "id": 1, "label": "person"}, {"bottomright": {"x": 802, "y": 138}, "topleft": {"x": 338, "y": 261}, "id": 1, "label": "person"}, {"bottomright": {"x": 3, "y": 21}, "topleft": {"x": 55, "y": 306}, "id": 1, "label": "person"}, {"bottomright": {"x": 981, "y": 38}, "topleft": {"x": 391, "y": 230}, "id": 1, "label": "person"}]