[{"bottomright": {"x": 423, "y": 52}, "topleft": {"x": 593, "y": 343}, "id": 1, "label": "person"}, {"bottomright": {"x": 471, "y": 127}, "topleft": {"x": 697, "y": 452}, "id": 1, "label": "person"}, {"bottomright": {"x": 636, "y": 251}, "topleft": {"x": 891, "y": 705}, "id": 1, "label": "person"}, {"bottomright": {"x": 686, "y": 65}, "topleft": {"x": 854, "y": 316}, "id": 1, "label": "person"}, {"bottomright": {"x": 0, "y": 34}, "topleft": {"x": 178, "y": 718}, "id": 1, "label": "person"}, {"bottomright": {"x": 261, "y": 284}, "topleft": {"x": 507, "y": 706}, "id": 1, "label": "person"}, {"bottomright": {"x": 983, "y": 32}, "topleft": {"x": 1197, "y": 428}, "id": 1, "label": "person"}, {"bottomright": {"x": 805, "y": 142}, "topleft": {"x": 1040, "y": 517}, "id": 1, "label": "person"}, {"bottomright": {"x": 95, "y": 84}, "topleft": {"x": 461, "y": 699}, "id": 1, "label": "person"}]