[{"bottomright": {"x": 636, "y": 252}, "topleft": {"x": 290, "y": 318}, "id": 1, "label": "person"}, {"bottomright": {"x": 678, "y": 60}, "topleft": {"x": 275, "y": 190}, "id": 1, "label": "person"}, {"bottomright": {"x": 416, "y": 54}, "topleft": {"x": 189, "y": 202}, "id": 1, "label": "person"}, {"bottomright": {"x": 469, "y": 120}, "topleft": {"x": 226, "y": 235}, "id": 1, "label": "person"}, {"bottomright": {"x": 259, "y": 286}, "topleft": {"x": 165, "y": 317}, "id": 1, "label": "person"}, {"bottomright": {"x": 3, "y": 14}, "topleft": {"x": 56, "y": 309}, "id": 1, "label": "person"}, {"bottomright": {"x": 982, "y": 28}, "topleft": {"x": 391, "y": 231}, "id": 1, "label": "person"}, {"bottomright": {"x": 799, "y": 140}, "topleft": {"x": 340, "y": 261}, "id": 1, "label": "person"}]