[{"bottomright": {"x": 636, "y": 252}, "topleft": {"x": 894, "y": 697}, "id": 1, "label": "person"}, {"bottomright": {"x": 678, "y": 60}, "topleft": {"x": 846, "y": 305}, "id": 1, "label": "person"}, {"bottomright": {"x": 416, "y": 54}, "topleft": {"x": 583, "y": 341}, "id": 1, "label": "person"}, {"bottomright": {"x": 469, "y": 120}, "topleft": {"x": 695, "y": 444}, "id": 1, "label": "person"}, {"bottomright": {"x": 259, "y": 286}, "topleft": {"x": 508, "y": 696}, "id": 1, "label": "person"}, {"bottomright": {"x": 3, "y": 14}, "topleft": {"x": 174, "y": 669}, "id": 1, "label": "person"}, {"bottomright": {"x": 982, "y": 28}, "topleft": {"x": 1202, "y": 432}, "id": 1, "label": "person"}, {"bottomright": {"x": 799, "y": 140}, "topleft": {"x": 1045, "y": 523}, "id": 1, "label": "person"}]