[{"bottomright": {"x": 636, "y": 250}, "topleft": {"x": 290, "y": 321}, "id": 1, "label": "person"}, {"bottomright": {"x": 427, "y": 48}, "topleft": {"x": 200, "y": 202}, "id": 1, "label": "person"}, {"bottomright": {"x": 684, "y": 70}, "topleft": {"x": 277, "y": 193}, "id": 1, "label": "person"}, {"bottomright": {"x": 469, "y": 126}, "topleft": {"x": 225, "y": 236}, "id": 1, "label": "person"}, {"bottomright": {"x": 1, "y": 43}, "topleft": {"x": 57, "y": 321}, "id": 1, "label": "person"}, {"bottomright": {"x": 804, "y": 146}, "topleft": {"x": 337, "y": 258}, "id": 1, "label": "person"}, {"bottomright": {"x": 133, "y": 97}, "topleft": {"x": 161, "y": 313}, "id": 1, "label": "person"}, {"bottomright": {"x": 263, "y": 303}, "topleft": {"x": 163, "y": 329}, "id": 1, "label": "person"}, {"bottomright": {"x": 984, "y": 28}, "topleft": {"x": 388, "y": 233}, "id": 1, "label": "person"}]