[{"bottomright": {"x": 579, "y": 247}, "topleft": {"x": 1047, "y": 708}, "id": 1, "label": "person"}, {"bottomright": {"x": 346, "y": 261}, "topleft": {"x": 583, "y": 725}, "id": 4, "label": "person"}, {"bottomright": {"x": 169, "y": 62}, "topleft": {"x": 499, "y": 716}, "id": 3, "label": "person"}, {"bottomright": {"x": 483, "y": 43}, "topleft": {"x": 670, "y": 347}, "id": 2, "label": "person"}, {"bottomright": {"x": 551, "y": 130}, "topleft": {"x": 781, "y": 531}, "id": 5, "label": "person"}, {"bottomright": {"x": 756, "y": 48}, "topleft": {"x": 931, "y": 262}, "id": 7, "label": "person"}, {"bottomright": {"x": 894, "y": 100}, "topleft": {"x": 1132, "y": 566}, "id": 6, "label": "person"}]