[{"bottomright": {"x": 636, "y": 250}, "topleft": {"x": 893, "y": 707}, "id": 1, "label": "person"}, {"bottomright": {"x": 427, "y": 48}, "topleft": {"x": 616, "y": 341}, "id": 7, "label": "person"}, {"bottomright": {"x": 684, "y": 70}, "topleft": {"x": 851, "y": 316}, "id": 2, "label": "person"}, {"bottomright": {"x": 469, "y": 126}, "topleft": {"x": 693, "y": 448}, "id": 6, "label": "person"}, {"bottomright": {"x": 1, "y": 43}, "topleft": {"x": 176, "y": 708}, "id": 10, "label": "person"}, {"bottomright": {"x": 804, "y": 146}, "topleft": {"x": 1038, "y": 514}, "id": 4, "label": "person"}, {"bottomright": {"x": 133, "y": 97}, "topleft": {"x": 495, "y": 682}, "id": 9, "label": "person"}, {"bottomright": {"x": 263, "y": 303}, "topleft": {"x": 503, "y": 732}, "id": 5, "label": "person"}, {"bottomright": {"x": 984, "y": 28}, "topleft": {"x": 1196, "y": 437}, "id": 8, "label": "person"}]