[{"bottomright": {"x": 629, "y": 258}, "topleft": {"x": 291, "y": 318}, "id": 1, "label": "person"}, {"bottomright": {"x": 683, "y": 64}, "topleft": {"x": 278, "y": 196}, "id": 1, "label": "person"}, {"bottomright": {"x": 411, "y": 49}, "topleft": {"x": 191, "y": 192}, "id": 1, "label": "person"}, {"bottomright": {"x": -1, "y": 31}, "topleft": {"x": 59, "y": 303}, "id": 1, "label": "person"}, {"bottomright": {"x": 497, "y": 113}, "topleft": {"x": 231, "y": 240}, "id": 1, "label": "person"}, {"bottomright": {"x": 271, "y": 263}, "topleft": {"x": 173, "y": 328}, "id": 1, "label": "person"}, {"bottomright": {"x": 797, "y": 144}, "topleft": {"x": 337, "y": 257}, "id": 1, "label": "person"}, {"bottomright": {"x": 127, "y": 98}, "topleft": {"x": 165, "y": 306}, "id": 1, "label": "person"}]