[{"bottomright": {"x": 631, "y": 261}, "topleft": {"x": 291, "y": 318}, "id": 1, "label": "person"}, {"bottomright": {"x": 506, "y": 97}, "topleft": {"x": 229, "y": 244}, "id": 1, "label": "person"}, {"bottomright": {"x": 686, "y": 62}, "topleft": {"x": 281, "y": 190}, "id": 1, "label": "person"}, {"bottomright": {"x": 0, "y": -6}, "topleft": {"x": 58, "y": 315}, "id": 1, "label": "person"}, {"bottomright": {"x": 273, "y": 266}, "topleft": {"x": 173, "y": 326}, "id": 1, "label": "person"}, {"bottomright": {"x": 403, "y": 48}, "topleft": {"x": 184, "y": 191}, "id": 1, "label": "person"}, {"bottomright": {"x": 993, "y": 39}, "topleft": {"x": 387, "y": 229}, "id": 1, "label": "person"}, {"bottomright": {"x": 58, "y": 75}, "topleft": {"x": 160, "y": 319}, "id": 1, "label": "person"}, {"bottomright": {"x": 774, "y": 140}, "topleft": {"x": 358, "y": 262}, "id": 1, "label": "person"}]