[{"bottomright": {"x": 631, "y": 258}, "topleft": {"x": 291, "y": 318}, "id": 1, "label": "person"}, {"bottomright": {"x": 277, "y": 257}, "topleft": {"x": 171, "y": 329}, "id": 1, "label": "person"}, {"bottomright": {"x": 679, "y": 65}, "topleft": {"x": 276, "y": 193}, "id": 1, "label": "person"}, {"bottomright": {"x": 409, "y": 49}, "topleft": {"x": 182, "y": 190}, "id": 1, "label": "person"}, {"bottomright": {"x": 1, "y": 20}, "topleft": {"x": 57, "y": 307}, "id": 1, "label": "person"}, {"bottomright": {"x": 504, "y": 115}, "topleft": {"x": 227, "y": 237}, "id": 1, "label": "person"}, {"bottomright": {"x": 793, "y": 141}, "topleft": {"x": 340, "y": 259}, "id": 1, "label": "person"}, {"bottomright": {"x": 129, "y": 100}, "topleft": {"x": 162, "y": 306}, "id": 1, "label": "person"}]