[{"bottomright": {"x": 630, "y": 257}, "topleft": {"x": 292, "y": 318}, "id": 1, "label": "person"}, {"bottomright": {"x": 686, "y": 62}, "topleft": {"x": 280, "y": 196}, "id": 1, "label": "person"}, {"bottomright": {"x": 411, "y": 48}, "topleft": {"x": 190, "y": 188}, "id": 1, "label": "person"}, {"bottomright": {"x": 274, "y": 261}, "topleft": {"x": 171, "y": 328}, "id": 1, "label": "person"}, {"bottomright": {"x": 509, "y": 101}, "topleft": {"x": 227, "y": 238}, "id": 1, "label": "person"}, {"bottomright": {"x": 1, "y": 0}, "topleft": {"x": 58, "y": 311}, "id": 1, "label": "person"}, {"bottomright": {"x": 126, "y": 95}, "topleft": {"x": 164, "y": 308}, "id": 1, "label": "person"}, {"bottomright": {"x": 802, "y": 149}, "topleft": {"x": 339, "y": 293}, "id": 1, "label": "person"}]