[{"bottomright": {"x": 630, "y": 257}, "topleft": {"x": 899, "y": 700}, "id": 1, "label": "person"}, {"bottomright": {"x": 686, "y": 62}, "topleft": {"x": 860, "y": 323}, "id": 1, "label": "person"}, {"bottomright": {"x": 411, "y": 48}, "topleft": {"x": 585, "y": 300}, "id": 1, "label": "person"}, {"bottomright": {"x": 274, "y": 261}, "topleft": {"x": 528, "y": 730}, "id": 1, "label": "person"}, {"bottomright": {"x": 509, "y": 101}, "topleft": {"x": 700, "y": 453}, "id": 1, "label": "person"}, {"bottomright": {"x": 1, "y": 0}, "topleft": {"x": 178, "y": 679}, "id": 1, "label": "person"}, {"bottomright": {"x": 126, "y": 95}, "topleft": {"x": 506, "y": 669}, "id": 1, "label": "person"}, {"bottomright": {"x": 802, "y": 149}, "topleft": {"x": 1043, "y": 622}, "id": 1, "label": "person"}]