[{"bottomright": {"x": 631, "y": 261}, "topleft": {"x": 894, "y": 700}, "id": 1, "label": "person"}, {"bottomright": {"x": 506, "y": 97}, "topleft": {"x": 706, "y": 471}, "id": 1, "label": "person"}, {"bottomright": {"x": 686, "y": 62}, "topleft": {"x": 865, "y": 306}, "id": 1, "label": "person"}, {"bottomright": {"x": 0, "y": -6}, "topleft": {"x": 180, "y": 689}, "id": 1, "label": "person"}, {"bottomright": {"x": 273, "y": 266}, "topleft": {"x": 533, "y": 723}, "id": 1, "label": "person"}, {"bottomright": {"x": 403, "y": 48}, "topleft": {"x": 568, "y": 308}, "id": 1, "label": "person"}, {"bottomright": {"x": 993, "y": 39}, "topleft": {"x": 1192, "y": 425}, "id": 1, "label": "person"}, {"bottomright": {"x": 58, "y": 75}, "topleft": {"x": 493, "y": 700}, "id": 1, "label": "person"}, {"bottomright": {"x": 774, "y": 140}, "topleft": {"x": 1102, "y": 529}, "id": 1, "label": "person"}]