[{"bottomright": {"x": 631, "y": 258}, "topleft": {"x": 896, "y": 698}, "id": 1, "label": "person"}, {"bottomright": {"x": 277, "y": 257}, "topleft": {"x": 529, "y": 733}, "id": 1, "label": "person"}, {"bottomright": {"x": 679, "y": 65}, "topleft": {"x": 849, "y": 315}, "id": 1, "label": "person"}, {"bottomright": {"x": 409, "y": 49}, "topleft": {"x": 560, "y": 305}, "id": 1, "label": "person"}, {"bottomright": {"x": 1, "y": 20}, "topleft": {"x": 174, "y": 667}, "id": 1, "label": "person"}, {"bottomright": {"x": 504, "y": 115}, "topleft": {"x": 699, "y": 450}, "id": 1, "label": "person"}, {"bottomright": {"x": 793, "y": 141}, "topleft": {"x": 1046, "y": 518}, "id": 1, "label": "person"}, {"bottomright": {"x": 129, "y": 100}, "topleft": {"x": 500, "y": 661}, "id": 1, "label": "person"}]