[{"bottomright": {"x": 423, "y": 52}, "topleft": {"x": 192, "y": 202}, "id": 1, "label": "person"}, {"bottomright": {"x": 471, "y": 127}, "topleft": {"x": 226, "y": 238}, "id": 1, "label": "person"}, {"bottomright": {"x": 636, "y": 251}, "topleft": {"x": 289, "y": 320}, "id": 1, "label": "person"}, {"bottomright": {"x": 686, "y": 65}, "topleft": {"x": 277, "y": 194}, "id": 1, "label": "person"}, {"bottomright": {"x": 0, "y": 34}, "topleft": {"x": 58, "y": 324}, "id": 1, "label": "person"}, {"bottomright": {"x": 261, "y": 284}, "topleft": {"x": 164, "y": 320}, "id": 1, "label": "person"}, {"bottomright": {"x": 983, "y": 32}, "topleft": {"x": 389, "y": 230}, "id": 1, "label": "person"}, {"bottomright": {"x": 805, "y": 142}, "topleft": {"x": 338, "y": 259}, "id": 1, "label": "person"}, {"bottomright": {"x": 95, "y": 84}, "topleft": {"x": 150, "y": 318}, "id": 1, "label": "person"}]