[{"bottomright": {"x": 633, "y": 252}, "topleft": {"x": 291, "y": 318}, "id": 1, "label": "person"}, {"bottomright": {"x": 681, "y": 61}, "topleft": {"x": 274, "y": 196}, "id": 1, "label": "person"}, {"bottomright": {"x": 422, "y": 51}, "topleft": {"x": 189, "y": 199}, "id": 1, "label": "person"}, {"bottomright": {"x": 279, "y": 249}, "topleft": {"x": 171, "y": 329}, "id": 1, "label": "person"}, {"bottomright": {"x": 501, "y": 113}, "topleft": {"x": 229, "y": 237}, "id": 1, "label": "person"}, {"bottomright": {"x": 2, "y": 28}, "topleft": {"x": 56, "y": 304}, "id": 1, "label": "person"}, {"bottomright": {"x": 800, "y": 138}, "topleft": {"x": 339, "y": 262}, "id": 1, "label": "person"}, {"bottomright": {"x": 132, "y": 96}, "topleft": {"x": 163, "y": 307}, "id": 1, "label": "person"}, {"bottomright": {"x": 979, "y": 38}, "topleft": {"x": 391, "y": 230}, "id": 1, "label": "person"}]