[{"bottomright": {"x": 639, "y": 250}, "topleft": {"x": 289, "y": 319}, "id": 1, "label": "person"}, {"bottomright": {"x": 417, "y": 56}, "topleft": {"x": 189, "y": 199}, "id": 1, "label": "person"}, {"bottomright": {"x": 685, "y": 61}, "topleft": {"x": 275, "y": 192}, "id": 1, "label": "person"}, {"bottomright": {"x": 485, "y": 113}, "topleft": {"x": 231, "y": 240}, "id": 1, "label": "person"}, {"bottomright": {"x": 261, "y": 285}, "topleft": {"x": 165, "y": 320}, "id": 1, "label": "person"}, {"bottomright": {"x": 0, "y": 46}, "topleft": {"x": 57, "y": 321}, "id": 1, "label": "person"}, {"bottomright": {"x": 981, "y": 27}, "topleft": {"x": 390, "y": 231}, "id": 1, "label": "person"}, {"bottomright": {"x": 805, "y": 145}, "topleft": {"x": 339, "y": 259}, "id": 1, "label": "person"}]