[{"bottomright": {"x": 575, "y": 246}, "topleft": {"x": 1044, "y": 705}, "id": 1, "label": "person"}, {"bottomright": {"x": 336, "y": 253}, "topleft": {"x": 584, "y": 725}, "id": 4, "label": "person"}, {"bottomright": {"x": 173, "y": 60}, "topleft": {"x": 494, "y": 716}, "id": 3, "label": "person"}, {"bottomright": {"x": 551, "y": 130}, "topleft": {"x": 777, "y": 522}, "id": 5, "label": "person"}, {"bottomright": {"x": 485, "y": 43}, "topleft": {"x": 671, "y": 351}, "id": 2, "label": "person"}, {"bottomright": {"x": 900, "y": 95}, "topleft": {"x": 1132, "y": 571}, "id": 6, "label": "person"}, {"bottomright": {"x": 758, "y": 49}, "topleft": {"x": 930, "y": 261}, "id": 7, "label": "person"}, {"bottomright": {"x": 2, "y": 15}, "topleft": {"x": 251, "y": 716}, "id": 8, "label": "person"}]