[{"bottomright": {"x": 629, "y": 258}, "topleft": {"x": 895, "y": 698}, "id": 1, "label": "person"}, {"bottomright": {"x": 683, "y": 64}, "topleft": {"x": 858, "y": 322}, "id": 1, "label": "person"}, {"bottomright": {"x": 411, "y": 49}, "topleft": {"x": 588, "y": 310}, "id": 1, "label": "person"}, {"bottomright": {"x": -1, "y": 31}, "topleft": {"x": 182, "y": 654}, "id": 1, "label": "person"}, {"bottomright": {"x": 497, "y": 113}, "topleft": {"x": 711, "y": 461}, "id": 1, "label": "person"}, {"bottomright": {"x": 271, "y": 263}, "topleft": {"x": 533, "y": 730}, "id": 1, "label": "person"}, {"bottomright": {"x": 797, "y": 144}, "topleft": {"x": 1037, "y": 512}, "id": 1, "label": "person"}, {"bottomright": {"x": 127, "y": 98}, "topleft": {"x": 508, "y": 662}, "id": 1, "label": "person"}]