[{"bottomright": {"x": 629, "y": 252}, "topleft": {"x": 895, "y": 700}, "id": 1, "label": "person"}, {"bottomright": {"x": 421, "y": 53}, "topleft": {"x": 605, "y": 332}, "id": 7, "label": "person"}, {"bottomright": {"x": 472, "y": 131}, "topleft": {"x": 692, "y": 442}, "id": 6, "label": "person"}, {"bottomright": {"x": 679, "y": 70}, "topleft": {"x": 848, "y": 277}, "id": 2, "label": "person"}, {"bottomright": {"x": 262, "y": 278}, "topleft": {"x": 506, "y": 715}, "id": 5, "label": "person"}, {"bottomright": {"x": 0, "y": 21}, "topleft": {"x": 179, "y": 727}, "id": 10, "label": "person"}, {"bottomright": {"x": 92, "y": 86}, "topleft": {"x": 461, "y": 701}, "id": 9, "label": "person"}, {"bottomright": {"x": 980, "y": 24}, "topleft": {"x": 1202, "y": 431}, "id": 8, "label": "person"}]