[{"bottomright": {"x": 631, "y": 259}, "topleft": {"x": 894, "y": 700}, "id": 1, "label": "person"}, {"bottomright": {"x": 412, "y": 57}, "topleft": {"x": 590, "y": 319}, "id": 1, "label": "person"}, {"bottomright": {"x": 274, "y": 264}, "topleft": {"x": 532, "y": 728}, "id": 1, "label": "person"}, {"bottomright": {"x": 470, "y": 131}, "topleft": {"x": 695, "y": 444}, "id": 1, "label": "person"}, {"bottomright": {"x": 682, "y": 66}, "topleft": {"x": 846, "y": 315}, "id": 1, "label": "person"}, {"bottomright": {"x": 0, "y": 31}, "topleft": {"x": 177, "y": 656}, "id": 1, "label": "person"}, {"bottomright": {"x": 98, "y": 90}, "topleft": {"x": 458, "y": 702}, "id": 1, "label": "person"}, {"bottomright": {"x": 802, "y": 139}, "topleft": {"x": 1039, "y": 522}, "id": 1, "label": "person"}, {"bottomright": {"x": 983, "y": 33}, "topleft": {"x": 1197, "y": 430}, "id": 1, "label": "person"}]