[{"bottomright": {"x": 629, "y": 252}, "topleft": {"x": 291, "y": 318}, "id": 1, "label": "person"}, {"bottomright": {"x": 421, "y": 53}, "topleft": {"x": 196, "y": 199}, "id": 1, "label": "person"}, {"bottomright": {"x": 472, "y": 131}, "topleft": {"x": 225, "y": 234}, "id": 1, "label": "person"}, {"bottomright": {"x": 679, "y": 70}, "topleft": {"x": 275, "y": 181}, "id": 1, "label": "person"}, {"bottomright": {"x": 262, "y": 278}, "topleft": {"x": 164, "y": 323}, "id": 1, "label": "person"}, {"bottomright": {"x": 0, "y": 21}, "topleft": {"x": 58, "y": 327}, "id": 1, "label": "person"}, {"bottomright": {"x": 92, "y": 86}, "topleft": {"x": 150, "y": 318}, "id": 1, "label": "person"}, {"bottomright": {"x": 980, "y": 24}, "topleft": {"x": 390, "y": 231}, "id": 1, "label": "person"}]