[{"bottomright": {"x": 631, "y": 259}, "topleft": {"x": 290, "y": 318}, "id": 1, "label": "person"}, {"bottomright": {"x": 412, "y": 57}, "topleft": {"x": 192, "y": 195}, "id": 1, "label": "person"}, {"bottomright": {"x": 274, "y": 264}, "topleft": {"x": 173, "y": 327}, "id": 1, "label": "person"}, {"bottomright": {"x": 470, "y": 131}, "topleft": {"x": 226, "y": 235}, "id": 1, "label": "person"}, {"bottomright": {"x": 682, "y": 66}, "topleft": {"x": 275, "y": 193}, "id": 1, "label": "person"}, {"bottomright": {"x": 0, "y": 31}, "topleft": {"x": 58, "y": 304}, "id": 1, "label": "person"}, {"bottomright": {"x": 98, "y": 90}, "topleft": {"x": 149, "y": 319}, "id": 1, "label": "person"}, {"bottomright": {"x": 802, "y": 139}, "topleft": {"x": 337, "y": 260}, "id": 1, "label": "person"}, {"bottomright": {"x": 983, "y": 33}, "topleft": {"x": 389, "y": 230}, "id": 1, "label": "person"}]