[{"bottomright": {"x": 635, "y": 249}, "topleft": {"x": 291, "y": 321}, "id": 1, "label": "person"}, {"bottomright": {"x": 426, "y": 49}, "topleft": {"x": 201, "y": 200}, "id": 1, "label": "person"}, {"bottomright": {"x": 682, "y": 66}, "topleft": {"x": 275, "y": 195}, "id": 1, "label": "person"}, {"bottomright": {"x": 474, "y": 136}, "topleft": {"x": 223, "y": 234}, "id": 1, "label": "person"}, {"bottomright": {"x": 1, "y": 25}, "topleft": {"x": 57, "y": 326}, "id": 1, "label": "person"}, {"bottomright": {"x": 268, "y": 274}, "topleft": {"x": 174, "y": 325}, "id": 1, "label": "person"}, {"bottomright": {"x": 96, "y": 83}, "topleft": {"x": 149, "y": 320}, "id": 1, "label": "person"}, {"bottomright": {"x": 981, "y": 27}, "topleft": {"x": 388, "y": 230}, "id": 1, "label": "person"}, {"bottomright": {"x": 804, "y": 143}, "topleft": {"x": 338, "y": 260}, "id": 1, "label": "person"}]