[{"bottomright": {"x": 586, "y": 263}, "topleft": {"x": 299, "y": 318}, "id": 1, "label": "person"}, {"bottomright": {"x": 422, "y": 52}, "topleft": {"x": 191, "y": 195}, "id": 1, "label": "person"}, {"bottomright": {"x": 275, "y": 259}, "topleft": {"x": 173, "y": 328}, "id": 1, "label": "person"}, {"bottomright": {"x": 477, "y": 145}, "topleft": {"x": 223, "y": 264}, "id": 1, "label": "person"}, {"bottomright": {"x": 683, "y": 58}, "topleft": {"x": 277, "y": 192}, "id": 1, "label": "person"}, {"bottomright": {"x": 1, "y": 37}, "topleft": {"x": 58, "y": 325}, "id": 1, "label": "person"}, {"bottomright": {"x": 174, "y": 95}, "topleft": {"x": 163, "y": 227}, "id": 1, "label": "person"}]