[{"bottomright": {"x": 421, "y": 51}, "topleft": {"x": 579, "y": 312}, "id": 3, "label": "person"}, {"bottomright": {"x": 597, "y": 242}, "topleft": {"x": 844, "y": 696}, "id": 1, "label": "person"}, {"bottomright": {"x": 258, "y": 263}, "topleft": {"x": 503, "y": 724}, "id": 5, "label": "person"}, {"bottomright": {"x": 478, "y": 145}, "topleft": {"x": 678, "y": 524}, "id": 2, "label": "person"}, {"bottomright": {"x": 708, "y": 69}, "topleft": {"x": 837, "y": 278}, "id": 4, "label": "person"}, {"bottomright": {"x": 1, "y": 9}, "topleft": {"x": 176, "y": 674}, "id": 6, "label": "person"}, {"bottomright": {"x": 173, "y": 85}, "topleft": {"x": 501, "y": 419}, "id": 7, "label": "person"}]