[{"bottomright": {"x": 421, "y": 51}, "topleft": {"x": 188, "y": 192}, "id": 1, "label": "person"}, {"bottomright": {"x": 597, "y": 242}, "topleft": {"x": 274, "y": 317}, "id": 1, "label": "person"}, {"bottomright": {"x": 258, "y": 263}, "topleft": {"x": 163, "y": 326}, "id": 1, "label": "person"}, {"bottomright": {"x": 478, "y": 145}, "topleft": {"x": 220, "y": 261}, "id": 1, "label": "person"}, {"bottomright": {"x": 708, "y": 69}, "topleft": {"x": 272, "y": 181}, "id": 1, "label": "person"}, {"bottomright": {"x": 1, "y": 9}, "topleft": {"x": 57, "y": 310}, "id": 1, "label": "person"}, {"bottomright": {"x": 173, "y": 85}, "topleft": {"x": 163, "y": 227}, "id": 1, "label": "person"}]