[{"bottomright": {"x": 593, "y": 239}, "topleft": {"x": 338, "y": 321}, "id": 1, "label": "person"}, {"bottomright": {"x": 548, "y": 127}, "topleft": {"x": 252, "y": 268}, "id": 1, "label": "person"}, {"bottomright": {"x": 170, "y": 67}, "topleft": {"x": 167, "y": 324}, "id": 1, "label": "person"}, {"bottomright": {"x": 483, "y": 39}, "topleft": {"x": 218, "y": 205}, "id": 1, "label": "person"}, {"bottomright": {"x": 325, "y": 285}, "topleft": {"x": 199, "y": 320}, "id": 1, "label": "person"}, {"bottomright": {"x": 763, "y": 49}, "topleft": {"x": 302, "y": 174}, "id": 1, "label": "person"}, {"bottomright": {"x": 901, "y": 87}, "topleft": {"x": 363, "y": 248}, "id": 1, "label": "person"}]