[{"bottomright": {"x": 601, "y": 233}, "topleft": {"x": 1034, "y": 706}, "id": 1, "label": "person"}, {"bottomright": {"x": 540, "y": 127}, "topleft": {"x": 778, "y": 543}, "id": 1, "label": "person"}, {"bottomright": {"x": 170, "y": 69}, "topleft": {"x": 510, "y": 721}, "id": 1, "label": "person"}, {"bottomright": {"x": 481, "y": 41}, "topleft": {"x": 669, "y": 354}, "id": 1, "label": "person"}, {"bottomright": {"x": 328, "y": 286}, "topleft": {"x": 614, "y": 704}, "id": 1, "label": "person"}, {"bottomright": {"x": 901, "y": 93}, "topleft": {"x": 1128, "y": 574}, "id": 1, "label": "person"}]