[{"bottomright": {"x": 601, "y": 233}, "topleft": {"x": 336, "y": 320}, "id": 1, "label": "person"}, {"bottomright": {"x": 540, "y": 127}, "topleft": {"x": 253, "y": 267}, "id": 1, "label": "person"}, {"bottomright": {"x": 170, "y": 69}, "topleft": {"x": 165, "y": 325}, "id": 1, "label": "person"}, {"bottomright": {"x": 481, "y": 41}, "topleft": {"x": 217, "y": 206}, "id": 1, "label": "person"}, {"bottomright": {"x": 328, "y": 286}, "topleft": {"x": 200, "y": 319}, "id": 1, "label": "person"}, {"bottomright": {"x": 901, "y": 93}, "topleft": {"x": 367, "y": 277}, "id": 1, "label": "person"}]