[{"bottomright": {"x": 108, "y": 335}, "topleft": {"x": 534, "y": 716}, "id": 4, "label": "person"}, {"bottomright": {"x": 237, "y": 36}, "topleft": {"x": 636, "y": 635}, "id": 3, "label": "person"}, {"bottomright": {"x": 544, "y": 327}, "topleft": {"x": 1135, "y": 707}, "id": 2, "label": "person"}, {"bottomright": {"x": 1026, "y": 24}, "topleft": {"x": 1284, "y": 714}, "id": 1, "label": "person"}, {"bottomright": {"x": 806, "y": 0}, "topleft": {"x": 1126, "y": 509}, "id": 5, "label": "person"}, {"bottomright": {"x": 1, "y": 20}, "topleft": {"x": 268, "y": 684}, "id": 7, "label": "person"}]