[{"bottomright": {"x": 600, "y": 226}, "topleft": {"x": 339, "y": 321}, "id": 1, "label": "person"}, {"bottomright": {"x": 462, "y": 40}, "topleft": {"x": 212, "y": 198}, "id": 1, "label": "person"}, {"bottomright": {"x": 162, "y": 55}, "topleft": {"x": 164, "y": 325}, "id": 1, "label": "person"}, {"bottomright": {"x": 330, "y": 257}, "topleft": {"x": 190, "y": 322}, "id": 1, "label": "person"}, {"bottomright": {"x": 539, "y": 124}, "topleft": {"x": 246, "y": 241}, "id": 1, "label": "person"}, {"bottomright": {"x": 894, "y": 83}, "topleft": {"x": 358, "y": 251}, "id": 1, "label": "person"}, {"bottomright": {"x": 734, "y": 43}, "topleft": {"x": 295, "y": 170}, "id": 1, "label": "person"}]