[{"bottomright": {"x": 758, "y": 205}, "topleft": {"x": 956, "y": 725}, "id": 1, "label": "person"}, {"bottomright": {"x": 335, "y": 269}, "topleft": {"x": 407, "y": 526}, "id": 3, "label": "person"}, {"bottomright": {"x": 649, "y": 263}, "topleft": {"x": 782, "y": 634}, "id": 2, "label": "person"}, {"bottomright": {"x": 470, "y": 261}, "topleft": {"x": 524, "y": 540}, "id": 7, "label": "person"}, {"bottomright": {"x": 908, "y": 210}, "topleft": {"x": 1018, "y": 680}, "id": 5, "label": "person"}, {"bottomright": {"x": 550, "y": 257}, "topleft": {"x": 676, "y": 609}, "id": 8, "label": "person"}, {"bottomright": {"x": 379, "y": 268}, "topleft": {"x": 436, "y": 527}, "id": 6, "label": "person"}]