[{"bottomright": {"x": 19, "y": 338}, "topleft": {"x": 537, "y": 711}, "id": 4, "label": "person"}, {"bottomright": {"x": 237, "y": 43}, "topleft": {"x": 622, "y": 630}, "id": 3, "label": "person"}, {"bottomright": {"x": 1026, "y": 19}, "topleft": {"x": 1281, "y": 728}, "id": 1, "label": "person"}, {"bottomright": {"x": 799, "y": 5}, "topleft": {"x": 1104, "y": 527}, "id": 5, "label": "person"}, {"bottomright": {"x": 577, "y": 321}, "topleft": {"x": 1099, "y": 717}, "id": 2, "label": "person"}, {"bottomright": {"x": 0, "y": 6}, "topleft": {"x": 250, "y": 681}, "id": 7, "label": "person"}, {"bottomright": {"x": 493, "y": 87}, "topleft": {"x": 850, "y": 694}, "id": 6, "label": "person"}]