[{"bottomright": {"x": 600, "y": 226}, "topleft": {"x": 1044, "y": 709}, "id": 1, "label": "person"}, {"bottomright": {"x": 462, "y": 40}, "topleft": {"x": 653, "y": 330}, "id": 1, "label": "person"}, {"bottomright": {"x": 162, "y": 55}, "topleft": {"x": 505, "y": 719}, "id": 1, "label": "person"}, {"bottomright": {"x": 330, "y": 257}, "topleft": {"x": 586, "y": 710}, "id": 1, "label": "person"}, {"bottomright": {"x": 539, "y": 124}, "topleft": {"x": 758, "y": 462}, "id": 1, "label": "person"}, {"bottomright": {"x": 894, "y": 83}, "topleft": {"x": 1103, "y": 493}, "id": 1, "label": "person"}, {"bottomright": {"x": 734, "y": 43}, "topleft": {"x": 909, "y": 244}, "id": 1, "label": "person"}]