[{"bottomright": {"x": 351, "y": 256}, "topleft": {"x": 192, "y": 326}, "id": 1, "label": "person"}, {"bottomright": {"x": 650, "y": 258}, "topleft": {"x": 320, "y": 323}, "id": 1, "label": "person"}, {"bottomright": {"x": 171, "y": 67}, "topleft": {"x": 165, "y": 324}, "id": 1, "label": "person"}, {"bottomright": {"x": 484, "y": 43}, "topleft": {"x": 218, "y": 204}, "id": 1, "label": "person"}, {"bottomright": {"x": 554, "y": 133}, "topleft": {"x": 254, "y": 263}, "id": 1, "label": "person"}, {"bottomright": {"x": 741, "y": 50}, "topleft": {"x": 298, "y": 175}, "id": 1, "label": "person"}, {"bottomright": {"x": 897, "y": 83}, "topleft": {"x": 367, "y": 282}, "id": 1, "label": "person"}]