[{"bottomright": {"x": 356, "y": 259}, "topleft": {"x": 193, "y": 324}, "id": 1, "label": "person"}, {"bottomright": {"x": 479, "y": 41}, "topleft": {"x": 218, "y": 203}, "id": 1, "label": "person"}, {"bottomright": {"x": 162, "y": 73}, "topleft": {"x": 174, "y": 323}, "id": 1, "label": "person"}, {"bottomright": {"x": 551, "y": 121}, "topleft": {"x": 254, "y": 269}, "id": 1, "label": "person"}, {"bottomright": {"x": 601, "y": 236}, "topleft": {"x": 304, "y": 312}, "id": 1, "label": "person"}, {"bottomright": {"x": 759, "y": 49}, "topleft": {"x": 302, "y": 175}, "id": 1, "label": "person"}, {"bottomright": {"x": 1, "y": 17}, "topleft": {"x": 82, "y": 324}, "id": 1, "label": "person"}]