[{"bottomright": {"x": 352, "y": 257}, "topleft": {"x": 193, "y": 325}, "id": 1, "label": "person"}, {"bottomright": {"x": 483, "y": 43}, "topleft": {"x": 217, "y": 203}, "id": 1, "label": "person"}, {"bottomright": {"x": 617, "y": 245}, "topleft": {"x": 337, "y": 324}, "id": 1, "label": "person"}, {"bottomright": {"x": 168, "y": 65}, "topleft": {"x": 167, "y": 325}, "id": 1, "label": "person"}, {"bottomright": {"x": 552, "y": 133}, "topleft": {"x": 253, "y": 263}, "id": 1, "label": "person"}, {"bottomright": {"x": 750, "y": 41}, "topleft": {"x": 305, "y": 192}, "id": 1, "label": "person"}]