[{"bottomright": {"x": 587, "y": 239}, "topleft": {"x": 338, "y": 320}, "id": 1, "label": "person"}, {"bottomright": {"x": 550, "y": 132}, "topleft": {"x": 251, "y": 263}, "id": 1, "label": "person"}, {"bottomright": {"x": 173, "y": 70}, "topleft": {"x": 163, "y": 322}, "id": 1, "label": "person"}, {"bottomright": {"x": 485, "y": 41}, "topleft": {"x": 218, "y": 206}, "id": 1, "label": "person"}, {"bottomright": {"x": 328, "y": 279}, "topleft": {"x": 200, "y": 320}, "id": 1, "label": "person"}, {"bottomright": {"x": 901, "y": 100}, "topleft": {"x": 366, "y": 273}, "id": 1, "label": "person"}, {"bottomright": {"x": 763, "y": 53}, "topleft": {"x": 302, "y": 174}, "id": 1, "label": "person"}]