[{"bottomright": {"x": 352, "y": 252}, "topleft": {"x": 194, "y": 325}, "id": 1, "label": "person"}, {"bottomright": {"x": 624, "y": 243}, "topleft": {"x": 338, "y": 323}, "id": 1, "label": "person"}, {"bottomright": {"x": 483, "y": 45}, "topleft": {"x": 218, "y": 202}, "id": 1, "label": "person"}, {"bottomright": {"x": 157, "y": 58}, "topleft": {"x": 163, "y": 328}, "id": 1, "label": "person"}, {"bottomright": {"x": 554, "y": 129}, "topleft": {"x": 254, "y": 264}, "id": 1, "label": "person"}, {"bottomright": {"x": 894, "y": 95}, "topleft": {"x": 366, "y": 275}, "id": 1, "label": "person"}, {"bottomright": {"x": 755, "y": 47}, "topleft": {"x": 303, "y": 175}, "id": 1, "label": "person"}]