[{"bottomright": {"x": 350, "y": 254}, "topleft": {"x": 592, "y": 723}, "id": 4, "label": "person"}, {"bottomright": {"x": 617, "y": 244}, "topleft": {"x": 1040, "y": 714}, "id": 1, "label": "person"}, {"bottomright": {"x": 169, "y": 63}, "topleft": {"x": 498, "y": 720}, "id": 3, "label": "person"}, {"bottomright": {"x": 483, "y": 43}, "topleft": {"x": 670, "y": 345}, "id": 2, "label": "person"}, {"bottomright": {"x": 551, "y": 129}, "topleft": {"x": 782, "y": 534}, "id": 5, "label": "person"}, {"bottomright": {"x": 891, "y": 95}, "topleft": {"x": 1129, "y": 571}, "id": 6, "label": "person"}, {"bottomright": {"x": 758, "y": 48}, "topleft": {"x": 931, "y": 261}, "id": 7, "label": "person"}, {"bottomright": {"x": 3, "y": 15}, "topleft": {"x": 248, "y": 717}, "id": 8, "label": "person"}]