[{"bottomright": {"x": 350, "y": 254}, "topleft": {"x": 192, "y": 326}, "id": 1, "label": "person"}, {"bottomright": {"x": 617, "y": 244}, "topleft": {"x": 338, "y": 323}, "id": 1, "label": "person"}, {"bottomright": {"x": 169, "y": 63}, "topleft": {"x": 161, "y": 325}, "id": 1, "label": "person"}, {"bottomright": {"x": 483, "y": 43}, "topleft": {"x": 217, "y": 203}, "id": 1, "label": "person"}, {"bottomright": {"x": 551, "y": 129}, "topleft": {"x": 254, "y": 264}, "id": 1, "label": "person"}, {"bottomright": {"x": 891, "y": 95}, "topleft": {"x": 367, "y": 276}, "id": 1, "label": "person"}, {"bottomright": {"x": 758, "y": 48}, "topleft": {"x": 302, "y": 176}, "id": 1, "label": "person"}, {"bottomright": {"x": 3, "y": 15}, "topleft": {"x": 80, "y": 324}, "id": 1, "label": "person"}]