[{"bottomright": {"x": 356, "y": 259}, "topleft": {"x": 594, "y": 718}, "id": 1, "label": "person"}, {"bottomright": {"x": 479, "y": 41}, "topleft": {"x": 670, "y": 345}, "id": 1, "label": "person"}, {"bottomright": {"x": 162, "y": 73}, "topleft": {"x": 535, "y": 714}, "id": 1, "label": "person"}, {"bottomright": {"x": 551, "y": 121}, "topleft": {"x": 782, "y": 548}, "id": 1, "label": "person"}, {"bottomright": {"x": 601, "y": 236}, "topleft": {"x": 937, "y": 680}, "id": 1, "label": "person"}, {"bottomright": {"x": 759, "y": 49}, "topleft": {"x": 929, "y": 261}, "id": 1, "label": "person"}, {"bottomright": {"x": 1, "y": 17}, "topleft": {"x": 251, "y": 718}, "id": 1, "label": "person"}]