[{"bottomright": {"x": 351, "y": 256}, "topleft": {"x": 593, "y": 725}, "id": 1, "label": "person"}, {"bottomright": {"x": 650, "y": 258}, "topleft": {"x": 987, "y": 715}, "id": 1, "label": "person"}, {"bottomright": {"x": 171, "y": 67}, "topleft": {"x": 507, "y": 716}, "id": 1, "label": "person"}, {"bottomright": {"x": 484, "y": 43}, "topleft": {"x": 671, "y": 349}, "id": 1, "label": "person"}, {"bottomright": {"x": 554, "y": 133}, "topleft": {"x": 781, "y": 530}, "id": 1, "label": "person"}, {"bottomright": {"x": 741, "y": 50}, "topleft": {"x": 919, "y": 260}, "id": 1, "label": "person"}, {"bottomright": {"x": 897, "y": 83}, "topleft": {"x": 1129, "y": 589}, "id": 1, "label": "person"}]