[{"bottomright": {"x": 579, "y": 247}, "topleft": {"x": 340, "y": 321}, "id": 1, "label": "person"}, {"bottomright": {"x": 346, "y": 261}, "topleft": {"x": 189, "y": 327}, "id": 1, "label": "person"}, {"bottomright": {"x": 169, "y": 62}, "topleft": {"x": 162, "y": 323}, "id": 1, "label": "person"}, {"bottomright": {"x": 483, "y": 43}, "topleft": {"x": 218, "y": 203}, "id": 1, "label": "person"}, {"bottomright": {"x": 551, "y": 130}, "topleft": {"x": 254, "y": 263}, "id": 1, "label": "person"}, {"bottomright": {"x": 756, "y": 48}, "topleft": {"x": 302, "y": 176}, "id": 1, "label": "person"}, {"bottomright": {"x": 894, "y": 100}, "topleft": {"x": 368, "y": 275}, "id": 1, "label": "person"}]