[{"bottomright": {"x": 352, "y": 257}, "topleft": {"x": 595, "y": 719}, "id": 1, "label": "person"}, {"bottomright": {"x": 483, "y": 43}, "topleft": {"x": 669, "y": 345}, "id": 1, "label": "person"}, {"bottomright": {"x": 617, "y": 245}, "topleft": {"x": 1037, "y": 719}, "id": 1, "label": "person"}, {"bottomright": {"x": 168, "y": 65}, "topleft": {"x": 515, "y": 720}, "id": 1, "label": "person"}, {"bottomright": {"x": 552, "y": 133}, "topleft": {"x": 778, "y": 529}, "id": 1, "label": "person"}, {"bottomright": {"x": 750, "y": 41}, "topleft": {"x": 940, "y": 313}, "id": 1, "label": "person"}]