[{"bottomright": {"x": 352, "y": 252}, "topleft": {"x": 598, "y": 720}, "id": 1, "label": "person"}, {"bottomright": {"x": 624, "y": 243}, "topleft": {"x": 1042, "y": 715}, "id": 1, "label": "person"}, {"bottomright": {"x": 483, "y": 45}, "topleft": {"x": 671, "y": 343}, "id": 1, "label": "person"}, {"bottomright": {"x": 157, "y": 58}, "topleft": {"x": 502, "y": 730}, "id": 1, "label": "person"}, {"bottomright": {"x": 554, "y": 129}, "topleft": {"x": 782, "y": 532}, "id": 1, "label": "person"}, {"bottomright": {"x": 894, "y": 95}, "topleft": {"x": 1128, "y": 567}, "id": 1, "label": "person"}, {"bottomright": {"x": 755, "y": 47}, "topleft": {"x": 933, "y": 260}, "id": 1, "label": "person"}]