[{"bottomright": {"x": 354, "y": 262}, "topleft": {"x": 593, "y": 715}, "id": 1, "label": "person"}, {"bottomright": {"x": 478, "y": 39}, "topleft": {"x": 668, "y": 346}, "id": 1, "label": "person"}, {"bottomright": {"x": 147, "y": 120}, "topleft": {"x": 558, "y": 728}, "id": 1, "label": "person"}, {"bottomright": {"x": 551, "y": 123}, "topleft": {"x": 781, "y": 544}, "id": 1, "label": "person"}, {"bottomright": {"x": 644, "y": 246}, "topleft": {"x": 980, "y": 696}, "id": 1, "label": "person"}, {"bottomright": {"x": 894, "y": 84}, "topleft": {"x": 1126, "y": 593}, "id": 1, "label": "person"}, {"bottomright": {"x": 0, "y": 16}, "topleft": {"x": 251, "y": 717}, "id": 1, "label": "person"}]