[{"bottomright": {"x": 354, "y": 262}, "topleft": {"x": 192, "y": 323}, "id": 1, "label": "person"}, {"bottomright": {"x": 478, "y": 39}, "topleft": {"x": 217, "y": 203}, "id": 1, "label": "person"}, {"bottomright": {"x": 147, "y": 120}, "topleft": {"x": 181, "y": 327}, "id": 1, "label": "person"}, {"bottomright": {"x": 551, "y": 123}, "topleft": {"x": 254, "y": 268}, "id": 1, "label": "person"}, {"bottomright": {"x": 644, "y": 246}, "topleft": {"x": 318, "y": 317}, "id": 1, "label": "person"}, {"bottomright": {"x": 894, "y": 84}, "topleft": {"x": 366, "y": 284}, "id": 1, "label": "person"}, {"bottomright": {"x": 0, "y": 16}, "topleft": {"x": 82, "y": 324}, "id": 1, "label": "person"}]