[{"bottomright": {"x": 575, "y": 246}, "topleft": {"x": 339, "y": 320}, "id": 1, "label": "person"}, {"bottomright": {"x": 336, "y": 253}, "topleft": {"x": 190, "y": 327}, "id": 1, "label": "person"}, {"bottomright": {"x": 173, "y": 60}, "topleft": {"x": 160, "y": 324}, "id": 1, "label": "person"}, {"bottomright": {"x": 551, "y": 130}, "topleft": {"x": 252, "y": 261}, "id": 1, "label": "person"}, {"bottomright": {"x": 485, "y": 43}, "topleft": {"x": 218, "y": 205}, "id": 1, "label": "person"}, {"bottomright": {"x": 900, "y": 95}, "topleft": {"x": 368, "y": 276}, "id": 1, "label": "person"}, {"bottomright": {"x": 758, "y": 49}, "topleft": {"x": 302, "y": 176}, "id": 1, "label": "person"}, {"bottomright": {"x": 2, "y": 15}, "topleft": {"x": 81, "y": 324}, "id": 1, "label": "person"}]