[{"bottomright": {"x": 477, "y": 36}, "topleft": {"x": 662, "y": 347}, "id": 1, "label": "person"}, {"bottomright": {"x": 354, "y": 259}, "topleft": {"x": 597, "y": 716}, "id": 1, "label": "person"}, {"bottomright": {"x": 149, "y": 114}, "topleft": {"x": 560, "y": 731}, "id": 1, "label": "person"}, {"bottomright": {"x": 551, "y": 120}, "topleft": {"x": 783, "y": 547}, "id": 1, "label": "person"}, {"bottomright": {"x": 649, "y": 247}, "topleft": {"x": 981, "y": 702}, "id": 1, "label": "person"}, {"bottomright": {"x": 896, "y": 85}, "topleft": {"x": 1127, "y": 591}, "id": 1, "label": "person"}, {"bottomright": {"x": 2, "y": 14}, "topleft": {"x": 250, "y": 720}, "id": 1, "label": "person"}]