[{"bottomright": {"x": 477, "y": 36}, "topleft": {"x": 215, "y": 204}, "id": 1, "label": "person"}, {"bottomright": {"x": 354, "y": 259}, "topleft": {"x": 194, "y": 324}, "id": 1, "label": "person"}, {"bottomright": {"x": 149, "y": 114}, "topleft": {"x": 182, "y": 328}, "id": 1, "label": "person"}, {"bottomright": {"x": 551, "y": 120}, "topleft": {"x": 254, "y": 268}, "id": 1, "label": "person"}, {"bottomright": {"x": 649, "y": 247}, "topleft": {"x": 319, "y": 319}, "id": 1, "label": "person"}, {"bottomright": {"x": 896, "y": 85}, "topleft": {"x": 366, "y": 283}, "id": 1, "label": "person"}, {"bottomright": {"x": 2, "y": 14}, "topleft": {"x": 81, "y": 325}, "id": 1, "label": "person"}]