[{"bottomright": {"x": 753, "y": 23}, "topleft": {"x": 407, "y": 328}, "id": 1, "label": "person"}, {"bottomright": {"x": 2, "y": 45}, "topleft": {"x": 103, "y": 305}, "id": 1, "label": "person"}, {"bottomright": {"x": -3, "y": 326}, "topleft": {"x": 79, "y": 327}, "id": 1, "label": "person"}, {"bottomright": {"x": 350, "y": 326}, "topleft": {"x": 244, "y": 326}, "id": 1, "label": "person"}, {"bottomright": {"x": 486, "y": 13}, "topleft": {"x": 261, "y": 261}, "id": 1, "label": "person"}, {"bottomright": {"x": 220, "y": 93}, "topleft": {"x": 227, "y": 311}, "id": 1, "label": "person"}]