[{"bottomright": {"x": 753, "y": 23}, "topleft": {"x": 1251, "y": 729}, "id": 1, "label": "person"}, {"bottomright": {"x": 2, "y": 45}, "topleft": {"x": 317, "y": 661}, "id": 1, "label": "person"}, {"bottomright": {"x": -3, "y": 326}, "topleft": {"x": 246, "y": 726}, "id": 1, "label": "person"}, {"bottomright": {"x": 350, "y": 326}, "topleft": {"x": 751, "y": 724}, "id": 1, "label": "person"}, {"bottomright": {"x": 486, "y": 13}, "topleft": {"x": 803, "y": 525}, "id": 1, "label": "person"}, {"bottomright": {"x": 220, "y": 93}, "topleft": {"x": 698, "y": 679}, "id": 1, "label": "person"}]