[{"bottomright": {"x": 14, "y": 328}, "topleft": {"x": 430, "y": 722}, "id": 4, "label": "person"}, {"bottomright": {"x": 936, "y": 36}, "topleft": {"x": 1281, "y": 721}, "id": 1, "label": "person"}, {"bottomright": {"x": 21, "y": 21}, "topleft": {"x": 526, "y": 649}, "id": 3, "label": "person"}, {"bottomright": {"x": 544, "y": 321}, "topleft": {"x": 948, "y": 721}, "id": 2, "label": "person"}, {"bottomright": {"x": 691, "y": 11}, "topleft": {"x": 1001, "y": 530}, "id": 5, "label": "person"}, {"bottomright": {"x": 419, "y": 87}, "topleft": {"x": 866, "y": 684}, "id": 6, "label": "person"}]