[{"bottomright": {"x": 14, "y": 328}, "topleft": {"x": 139, "y": 325}, "id": 1, "label": "person"}, {"bottomright": {"x": 936, "y": 36}, "topleft": {"x": 416, "y": 325}, "id": 1, "label": "person"}, {"bottomright": {"x": 21, "y": 21}, "topleft": {"x": 171, "y": 302}, "id": 1, "label": "person"}, {"bottomright": {"x": 544, "y": 321}, "topleft": {"x": 308, "y": 325}, "id": 1, "label": "person"}, {"bottomright": {"x": 691, "y": 11}, "topleft": {"x": 325, "y": 263}, "id": 1, "label": "person"}, {"bottomright": {"x": 419, "y": 87}, "topleft": {"x": 281, "y": 313}, "id": 1, "label": "person"}]