[{"bottomright": {"x": 19, "y": 338}, "topleft": {"x": 174, "y": 322}, "id": 1, "label": "person"}, {"bottomright": {"x": 237, "y": 43}, "topleft": {"x": 202, "y": 296}, "id": 1, "label": "person"}, {"bottomright": {"x": 1026, "y": 19}, "topleft": {"x": 416, "y": 327}, "id": 1, "label": "person"}, {"bottomright": {"x": 799, "y": 5}, "topleft": {"x": 358, "y": 262}, "id": 1, "label": "person"}, {"bottomright": {"x": 577, "y": 321}, "topleft": {"x": 357, "y": 324}, "id": 1, "label": "person"}, {"bottomright": {"x": 0, "y": 6}, "topleft": {"x": 81, "y": 312}, "id": 1, "label": "person"}, {"bottomright": {"x": 493, "y": 87}, "topleft": {"x": 276, "y": 316}, "id": 1, "label": "person"}]