[{"bottomright": {"x": 79, "y": 332}, "topleft": {"x": 610, "y": 711}, "id": 4, "label": "person"}, {"bottomright": {"x": 212, "y": 36}, "topleft": {"x": 683, "y": 639}, "id": 3, "label": "person"}, {"bottomright": {"x": 660, "y": 329}, "topleft": {"x": 1208, "y": 707}, "id": 2, "label": "person"}, {"bottomright": {"x": 861, "y": 13}, "topleft": {"x": 1180, "y": 516}, "id": 5, "label": "person"}, {"bottomright": {"x": 12, "y": 22}, "topleft": {"x": 301, "y": 685}, "id": 7, "label": "person"}, {"bottomright": {"x": 1118, "y": 24}, "topleft": {"x": 1283, "y": 735}, "id": 1, "label": "person"}]