[{"bottomright": {"x": 159, "y": 341}, "topleft": {"x": 581, "y": 713}, "id": 1, "label": "person"}, {"bottomright": {"x": 197, "y": 37}, "topleft": {"x": 692, "y": 643}, "id": 1, "label": "person"}, {"bottomright": {"x": 729, "y": 314}, "topleft": {"x": 1127, "y": 726}, "id": 1, "label": "person"}, {"bottomright": {"x": 868, "y": 10}, "topleft": {"x": 1187, "y": 511}, "id": 1, "label": "person"}, {"bottomright": {"x": 18, "y": 25}, "topleft": {"x": 309, "y": 682}, "id": 1, "label": "person"}, {"bottomright": {"x": 589, "y": 92}, "topleft": {"x": 1081, "y": 678}, "id": 1, "label": "person"}]