[{"bottomright": {"x": 218, "y": 25}, "topleft": {"x": 699, "y": 643}, "id": 3, "label": "person"}, {"bottomright": {"x": 171, "y": 319}, "topleft": {"x": 580, "y": 719}, "id": 4, "label": "person"}, {"bottomright": {"x": 727, "y": 317}, "topleft": {"x": 1121, "y": 725}, "id": 2, "label": "person"}, {"bottomright": {"x": 872, "y": 10}, "topleft": {"x": 1209, "y": 511}, "id": 5, "label": "person"}, {"bottomright": {"x": 12, "y": 18}, "topleft": {"x": 302, "y": 678}, "id": 7, "label": "person"}, {"bottomright": {"x": 1131, "y": 10}, "topleft": {"x": 1284, "y": 753}, "id": 1, "label": "person"}]