[{"bottomright": {"x": 238, "y": 27}, "topleft": {"x": 213, "y": 303}, "id": 1, "label": "person"}, {"bottomright": {"x": 133, "y": 328}, "topleft": {"x": 178, "y": 324}, "id": 1, "label": "person"}, {"bottomright": {"x": 547, "y": 322}, "topleft": {"x": 364, "y": 323}, "id": 1, "label": "person"}, {"bottomright": {"x": 873, "y": 5}, "topleft": {"x": 371, "y": 245}, "id": 1, "label": "person"}, {"bottomright": {"x": 0, "y": 28}, "topleft": {"x": 89, "y": 318}, "id": 1, "label": "person"}, {"bottomright": {"x": 1102, "y": -8}, "topleft": {"x": 415, "y": 343}, "id": 1, "label": "person"}]