[{"bottomright": {"x": 7, "y": 336}, "topleft": {"x": 170, "y": 321}, "id": 1, "label": "person"}, {"bottomright": {"x": 89, "y": 34}, "topleft": {"x": 195, "y": 296}, "id": 1, "label": "person"}, {"bottomright": {"x": 632, "y": 314}, "topleft": {"x": 335, "y": 327}, "id": 1, "label": "person"}, {"bottomright": {"x": 1009, "y": 26}, "topleft": {"x": 418, "y": 325}, "id": 1, "label": "person"}, {"bottomright": {"x": 768, "y": 11}, "topleft": {"x": 353, "y": 262}, "id": 1, "label": "person"}, {"bottomright": {"x": 473, "y": 89}, "topleft": {"x": 278, "y": 315}, "id": 1, "label": "person"}]