[{"bottomright": {"x": 218, "y": 25}, "topleft": {"x": 227, "y": 300}, "id": 1, "label": "person"}, {"bottomright": {"x": 171, "y": 319}, "topleft": {"x": 188, "y": 324}, "id": 1, "label": "person"}, {"bottomright": {"x": 727, "y": 317}, "topleft": {"x": 364, "y": 327}, "id": 1, "label": "person"}, {"bottomright": {"x": 872, "y": 10}, "topleft": {"x": 392, "y": 257}, "id": 1, "label": "person"}, {"bottomright": {"x": 12, "y": 18}, "topleft": {"x": 98, "y": 311}, "id": 1, "label": "person"}, {"bottomright": {"x": 1131, "y": 10}, "topleft": {"x": 417, "y": 336}, "id": 1, "label": "person"}]