[{"bottomright": {"x": 238, "y": 27}, "topleft": {"x": 655, "y": 654}, "id": 1, "label": "person"}, {"bottomright": {"x": 133, "y": 328}, "topleft": {"x": 547, "y": 719}, "id": 1, "label": "person"}, {"bottomright": {"x": 547, "y": 322}, "topleft": {"x": 1120, "y": 714}, "id": 1, "label": "person"}, {"bottomright": {"x": 873, "y": 5}, "topleft": {"x": 1143, "y": 475}, "id": 1, "label": "person"}, {"bottomright": {"x": 0, "y": 28}, "topleft": {"x": 276, "y": 700}, "id": 1, "label": "person"}, {"bottomright": {"x": 1102, "y": -8}, "topleft": {"x": 1277, "y": 775}, "id": 1, "label": "person"}]