[{"bottomright": {"x": 71, "y": 329}, "topleft": {"x": 584, "y": 714}, "id": 1, "label": "person"}, {"bottomright": {"x": 239, "y": 35}, "topleft": {"x": 671, "y": 652}, "id": 1, "label": "person"}, {"bottomright": {"x": 558, "y": 224}, "topleft": {"x": 1122, "y": 716}, "id": 1, "label": "person"}, {"bottomright": {"x": 849, "y": 9}, "topleft": {"x": 1164, "y": 519}, "id": 1, "label": "person"}, {"bottomright": {"x": 10, "y": 21}, "topleft": {"x": 301, "y": 684}, "id": 1, "label": "person"}, {"bottomright": {"x": 1108, "y": 13}, "topleft": {"x": 1281, "y": 753}, "id": 1, "label": "person"}]