[{"bottomright": {"x": 79, "y": 332}, "topleft": {"x": 198, "y": 322}, "id": 1, "label": "person"}, {"bottomright": {"x": 212, "y": 36}, "topleft": {"x": 222, "y": 299}, "id": 1, "label": "person"}, {"bottomright": {"x": 660, "y": 329}, "topleft": {"x": 392, "y": 321}, "id": 1, "label": "person"}, {"bottomright": {"x": 861, "y": 13}, "topleft": {"x": 383, "y": 259}, "id": 1, "label": "person"}, {"bottomright": {"x": 12, "y": 22}, "topleft": {"x": 97, "y": 314}, "id": 1, "label": "person"}, {"bottomright": {"x": 1118, "y": 24}, "topleft": {"x": 417, "y": 330}, "id": 1, "label": "person"}]