[{"bottomright": {"x": 71, "y": 329}, "topleft": {"x": 190, "y": 323}, "id": 1, "label": "person"}, {"bottomright": {"x": 239, "y": 35}, "topleft": {"x": 218, "y": 303}, "id": 1, "label": "person"}, {"bottomright": {"x": 558, "y": 224}, "topleft": {"x": 364, "y": 324}, "id": 1, "label": "person"}, {"bottomright": {"x": 849, "y": 9}, "topleft": {"x": 378, "y": 260}, "id": 1, "label": "person"}, {"bottomright": {"x": 10, "y": 21}, "topleft": {"x": 98, "y": 313}, "id": 1, "label": "person"}, {"bottomright": {"x": 1108, "y": 13}, "topleft": {"x": 416, "y": 336}, "id": 1, "label": "person"}]