[{"bottomright": {"x": 238, "y": 27}, "topleft": {"x": 655, "y": 654}, "id": 3, "label": "person"}, {"bottomright": {"x": 133, "y": 328}, "topleft": {"x": 547, "y": 719}, "id": 4, "label": "person"}, {"bottomright": {"x": 547, "y": 322}, "topleft": {"x": 1120, "y": 714}, "id": 2, "label": "person"}, {"bottomright": {"x": 873, "y": 5}, "topleft": {"x": 1143, "y": 475}, "id": 5, "label": "person"}, {"bottomright": {"x": 0, "y": 28}, "topleft": {"x": 276, "y": 700}, "id": 7, "label": "person"}, {"bottomright": {"x": 1102, "y": 0}, "topleft": {"x": 1277, "y": 783}, "id": 1, "label": "person"}]