[{"bottomright": {"x": 7, "y": 336}, "topleft": {"x": 524, "y": 708}, "id": 4, "label": "person"}, {"bottomright": {"x": 89, "y": 34}, "topleft": {"x": 601, "y": 633}, "id": 3, "label": "person"}, {"bottomright": {"x": 632, "y": 314}, "topleft": {"x": 1032, "y": 725}, "id": 2, "label": "person"}, {"bottomright": {"x": 1009, "y": 26}, "topleft": {"x": 1285, "y": 721}, "id": 1, "label": "person"}, {"bottomright": {"x": 768, "y": 11}, "topleft": {"x": 1086, "y": 527}, "id": 5, "label": "person"}, {"bottomright": {"x": 473, "y": 89}, "topleft": {"x": 857, "y": 689}, "id": 6, "label": "person"}]