[{"bottomright": {"x": 159, "y": 341}, "topleft": {"x": 189, "y": 323}, "id": 1, "label": "person"}, {"bottomright": {"x": 197, "y": 37}, "topleft": {"x": 225, "y": 300}, "id": 1, "label": "person"}, {"bottomright": {"x": 729, "y": 314}, "topleft": {"x": 366, "y": 327}, "id": 1, "label": "person"}, {"bottomright": {"x": 868, "y": 10}, "topleft": {"x": 385, "y": 257}, "id": 1, "label": "person"}, {"bottomright": {"x": 18, "y": 25}, "topleft": {"x": 100, "y": 313}, "id": 1, "label": "person"}, {"bottomright": {"x": 589, "y": 92}, "topleft": {"x": 351, "y": 311}, "id": 1, "label": "person"}]