[{"bottomright": {"x": 15, "y": 335}, "topleft": {"x": 529, "y": 710}, "id": 1, "label": "person"}, {"bottomright": {"x": 1025, "y": 22}, "topleft": {"x": 1283, "y": 731}, "id": 1, "label": "person"}, {"bottomright": {"x": 640, "y": 315}, "topleft": {"x": 1042, "y": 725}, "id": 1, "label": "person"}, {"bottomright": {"x": 210, "y": 31}, "topleft": {"x": 614, "y": 631}, "id": 1, "label": "person"}, {"bottomright": {"x": 790, "y": 6}, "topleft": {"x": 1091, "y": 526}, "id": 1, "label": "person"}, {"bottomright": {"x": 506, "y": 82}, "topleft": {"x": 957, "y": 693}, "id": 1, "label": "person"}]