[{"bottomright": {"x": 15, "y": 335}, "topleft": {"x": 172, "y": 321}, "id": 1, "label": "person"}, {"bottomright": {"x": 1025, "y": 22}, "topleft": {"x": 417, "y": 328}, "id": 1, "label": "person"}, {"bottomright": {"x": 640, "y": 315}, "topleft": {"x": 338, "y": 326}, "id": 1, "label": "person"}, {"bottomright": {"x": 210, "y": 31}, "topleft": {"x": 199, "y": 296}, "id": 1, "label": "person"}, {"bottomright": {"x": 790, "y": 6}, "topleft": {"x": 354, "y": 262}, "id": 1, "label": "person"}, {"bottomright": {"x": 506, "y": 82}, "topleft": {"x": 311, "y": 316}, "id": 1, "label": "person"}]