[{"bottomright": {"x": 108, "y": 335}, "topleft": {"x": 173, "y": 324}, "id": 1, "label": "person"}, {"bottomright": {"x": 237, "y": 36}, "topleft": {"x": 206, "y": 297}, "id": 1, "label": "person"}, {"bottomright": {"x": 544, "y": 327}, "topleft": {"x": 369, "y": 321}, "id": 1, "label": "person"}, {"bottomright": {"x": 1026, "y": 24}, "topleft": {"x": 417, "y": 323}, "id": 1, "label": "person"}, {"bottomright": {"x": 806, "y": -24}, "topleft": {"x": 366, "y": 248}, "id": 1, "label": "person"}, {"bottomright": {"x": 1, "y": 20}, "topleft": {"x": 87, "y": 313}, "id": 1, "label": "person"}]