[{"bottomright": {"x": 95, "y": 329}, "topleft": {"x": 202, "y": 322}, "id": 1, "label": "person"}, {"bottomright": {"x": 216, "y": 30}, "topleft": {"x": 229, "y": 300}, "id": 1, "label": "person"}, {"bottomright": {"x": 670, "y": 325}, "topleft": {"x": 382, "y": 323}, "id": 1, "label": "person"}, {"bottomright": {"x": 885, "y": 9}, "topleft": {"x": 393, "y": 260}, "id": 1, "label": "person"}, {"bottomright": {"x": 8, "y": 19}, "topleft": {"x": 101, "y": 313}, "id": 1, "label": "person"}, {"bottomright": {"x": 1135, "y": 33}, "topleft": {"x": 417, "y": 328}, "id": 1, "label": "person"}]