[{"bottomright": {"x": 95, "y": 329}, "topleft": {"x": 622, "y": 713}, "id": 1, "label": "person"}, {"bottomright": {"x": 216, "y": 30}, "topleft": {"x": 706, "y": 644}, "id": 1, "label": "person"}, {"bottomright": {"x": 670, "y": 325}, "topleft": {"x": 1178, "y": 714}, "id": 1, "label": "person"}, {"bottomright": {"x": 885, "y": 9}, "topleft": {"x": 1210, "y": 521}, "id": 1, "label": "person"}, {"bottomright": {"x": 8, "y": 19}, "topleft": {"x": 312, "y": 684}, "id": 1, "label": "person"}, {"bottomright": {"x": 1135, "y": 33}, "topleft": {"x": 1284, "y": 730}, "id": 1, "label": "person"}]