[{"bottomright": {"x": 476, "y": 103}, "topleft": {"x": 686, "y": 473}, "id": 6, "label": "person"}, {"bottomright": {"x": 201, "y": 102}, "topleft": {"x": 481, "y": 387}, "id": 3, "label": "person"}, {"bottomright": {"x": 667, "y": 75}, "topleft": {"x": 858, "y": 270}, "id": 2, "label": "person"}, {"bottomright": {"x": 278, "y": 263}, "topleft": {"x": 528, "y": 731}, "id": 5, "label": "person"}, {"bottomright": {"x": 550, "y": 268}, "topleft": {"x": 878, "y": 703}, "id": 1, "label": "person"}, {"bottomright": {"x": 808, "y": 126}, "topleft": {"x": 1037, "y": 658}, "id": 7, "label": "person"}, {"bottomright": {"x": 140, "y": 4}, "topleft": {"x": 302, "y": 288}, "id": 9, "label": "person"}, {"bottomright": {"x": 461, "y": 49}, "topleft": {"x": 601, "y": 316}, "id": 4, "label": "person"}, {"bottomright": {"x": 958, "y": 24}, "topleft": {"x": 1192, "y": 440}, "id": 8, "label": "person"}]