[{"bottomright": {"x": 763, "y": 190}, "topleft": {"x": 305, "y": 303}, "id": 1, "label": "person"}, {"bottomright": {"x": 518, "y": 333}, "topleft": {"x": 225, "y": 303}, "id": 1, "label": "person"}, {"bottomright": {"x": 356, "y": 184}, "topleft": {"x": 185, "y": 303}, "id": 1, "label": "person"}, {"bottomright": {"x": 231, "y": 161}, "topleft": {"x": 133, "y": 286}, "id": 1, "label": "person"}, {"bottomright": {"x": 545, "y": 132}, "topleft": {"x": 216, "y": 209}, "id": 1, "label": "person"}, {"bottomright": {"x": 650, "y": 147}, "topleft": {"x": 249, "y": 223}, "id": 1, "label": "person"}]