[{"bottomright": {"x": 763, "y": 190}, "topleft": {"x": 939, "y": 653}, "id": 1, "label": "person"}, {"bottomright": {"x": 518, "y": 333}, "topleft": {"x": 693, "y": 651}, "id": 1, "label": "person"}, {"bottomright": {"x": 356, "y": 184}, "topleft": {"x": 568, "y": 654}, "id": 1, "label": "person"}, {"bottomright": {"x": 231, "y": 161}, "topleft": {"x": 409, "y": 601}, "id": 1, "label": "person"}, {"bottomright": {"x": 545, "y": 132}, "topleft": {"x": 665, "y": 365}, "id": 1, "label": "person"}, {"bottomright": {"x": 650, "y": 147}, "topleft": {"x": 768, "y": 406}, "id": 1, "label": "person"}]