[{"bottomright": {"x": 763, "y": 184}, "topleft": {"x": 304, "y": 304}, "id": 1, "label": "person"}, {"bottomright": {"x": 347, "y": 181}, "topleft": {"x": 182, "y": 307}, "id": 1, "label": "person"}, {"bottomright": {"x": 234, "y": 156}, "topleft": {"x": 133, "y": 291}, "id": 1, "label": "person"}, {"bottomright": {"x": 543, "y": 130}, "topleft": {"x": 217, "y": 210}, "id": 1, "label": "person"}, {"bottomright": {"x": 513, "y": 333}, "topleft": {"x": 226, "y": 299}, "id": 1, "label": "person"}]