[{"bottomright": {"x": 763, "y": 184}, "topleft": {"x": 935, "y": 657}, "id": 1, "label": "person"}, {"bottomright": {"x": 347, "y": 181}, "topleft": {"x": 562, "y": 663}, "id": 1, "label": "person"}, {"bottomright": {"x": 234, "y": 156}, "topleft": {"x": 410, "y": 617}, "id": 1, "label": "person"}, {"bottomright": {"x": 543, "y": 130}, "topleft": {"x": 666, "y": 368}, "id": 1, "label": "person"}, {"bottomright": {"x": 513, "y": 333}, "topleft": {"x": 696, "y": 642}, "id": 1, "label": "person"}]