[{"bottomright": {"x": 348, "y": 180}, "topleft": {"x": 184, "y": 305}, "id": 1, "label": "person"}, {"bottomright": {"x": 764, "y": 186}, "topleft": {"x": 304, "y": 307}, "id": 1, "label": "person"}, {"bottomright": {"x": 535, "y": 132}, "topleft": {"x": 216, "y": 212}, "id": 1, "label": "person"}, {"bottomright": {"x": 251, "y": 165}, "topleft": {"x": 130, "y": 290}, "id": 1, "label": "person"}, {"bottomright": {"x": 651, "y": 148}, "topleft": {"x": 249, "y": 264}, "id": 1, "label": "person"}]