[{"bottomright": {"x": 348, "y": 180}, "topleft": {"x": 567, "y": 659}, "id": 1, "label": "person"}, {"bottomright": {"x": 764, "y": 186}, "topleft": {"x": 938, "y": 664}, "id": 1, "label": "person"}, {"bottomright": {"x": 535, "y": 132}, "topleft": {"x": 667, "y": 372}, "id": 1, "label": "person"}, {"bottomright": {"x": 251, "y": 165}, "topleft": {"x": 402, "y": 612}, "id": 1, "label": "person"}, {"bottomright": {"x": 651, "y": 148}, "topleft": {"x": 768, "y": 532}, "id": 1, "label": "person"}]