[{"bottomright": {"x": 774, "y": 88}, "topleft": {"x": 1057, "y": 702}, "id": 1, "label": "person"}, {"bottomright": {"x": 207, "y": 111}, "topleft": {"x": 526, "y": 728}, "id": 1, "label": "person"}, {"bottomright": {"x": 1089, "y": 150}, "topleft": {"x": 1282, "y": 711}, "id": 1, "label": "person"}, {"bottomright": {"x": 476, "y": 61}, "topleft": {"x": 863, "y": 729}, "id": 1, "label": "person"}, {"bottomright": {"x": -2, "y": 115}, "topleft": {"x": 175, "y": 669}, "id": 1, "label": "person"}]