[{"bottomright": {"x": 473, "y": 101}, "topleft": {"x": 685, "y": 470}, "id": 6, "label": "person"}, {"bottomright": {"x": 268, "y": 276}, "topleft": {"x": 497, "y": 718}, "id": 5, "label": "person"}, {"bottomright": {"x": 456, "y": 249}, "topleft": {"x": 869, "y": 710}, "id": 1, "label": "person"}, {"bottomright": {"x": 189, "y": 104}, "topleft": {"x": 478, "y": 383}, "id": 3, "label": "person"}, {"bottomright": {"x": 805, "y": 135}, "topleft": {"x": 1047, "y": 645}, "id": 7, "label": "person"}, {"bottomright": {"x": 673, "y": 65}, "topleft": {"x": 871, "y": 327}, "id": 2, "label": "person"}, {"bottomright": {"x": 464, "y": 50}, "topleft": {"x": 601, "y": 327}, "id": 4, "label": "person"}, {"bottomright": {"x": 122, "y": 5}, "topleft": {"x": 294, "y": 297}, "id": 9, "label": "person"}, {"bottomright": {"x": 981, "y": 18}, "topleft": {"x": 1200, "y": 441}, "id": 8, "label": "person"}]