[{"bottomright": {"x": 466, "y": 93}, "topleft": {"x": 688, "y": 478}, "id": 6, "label": "person"}, {"bottomright": {"x": 270, "y": 272}, "topleft": {"x": 490, "y": 716}, "id": 5, "label": "person"}, {"bottomright": {"x": 189, "y": 99}, "topleft": {"x": 476, "y": 387}, "id": 3, "label": "person"}, {"bottomright": {"x": 484, "y": 251}, "topleft": {"x": 849, "y": 699}, "id": 1, "label": "person"}, {"bottomright": {"x": 824, "y": 101}, "topleft": {"x": 1064, "y": 683}, "id": 7, "label": "person"}, {"bottomright": {"x": 463, "y": 48}, "topleft": {"x": 600, "y": 328}, "id": 4, "label": "person"}, {"bottomright": {"x": 666, "y": 80}, "topleft": {"x": 867, "y": 271}, "id": 2, "label": "person"}, {"bottomright": {"x": 981, "y": 25}, "topleft": {"x": 1200, "y": 432}, "id": 8, "label": "person"}, {"bottomright": {"x": 118, "y": 0}, "topleft": {"x": 309, "y": 348}, "id": 9, "label": "person"}, {"bottomright": {"x": 4, "y": 31}, "topleft": {"x": 161, "y": 652}, "id": 10, "label": "person"}]