[{"bottomright": {"x": 601, "y": 85}, "topleft": {"x": 1084, "y": 655}, "id": 1, "label": "person"}, {"bottomright": {"x": 967, "y": 59}, "topleft": {"x": 1285, "y": 479}, "id": 10, "label": "person"}, {"bottomright": {"x": 1015, "y": 375}, "topleft": {"x": 1279, "y": 721}, "id": 4, "label": "person"}, {"bottomright": {"x": 769, "y": 8}, "topleft": {"x": 1055, "y": 298}, "id": 5, "label": "person"}, {"bottomright": {"x": 186, "y": 232}, "topleft": {"x": 697, "y": 712}, "id": 2, "label": "person"}, {"bottomright": {"x": 485, "y": 89}, "topleft": {"x": 714, "y": 470}, "id": 8, "label": "person"}, {"bottomright": {"x": 120, "y": 95}, "topleft": {"x": 343, "y": 470}, "id": 11, "label": "person"}, {"bottomright": {"x": 716, "y": 496}, "topleft": {"x": 1023, "y": 732}, "id": 6, "label": "person"}, {"bottomright": {"x": 386, "y": 5}, "topleft": {"x": 758, "y": 273}, "id": 3, "label": "person"}, {"bottomright": {"x": 0, "y": 5}, "topleft": {"x": 145, "y": 296}, "id": 7, "label": "person"}, {"bottomright": {"x": 134, "y": 3}, "topleft": {"x": 417, "y": 288}, "id": 9, "label": "person"}]