[{"bottomright": {"x": 452, "y": 113}, "topleft": {"x": 706, "y": 536}, "id": 6, "label": "person"}, {"bottomright": {"x": 444, "y": 227}, "topleft": {"x": 868, "y": 707}, "id": 1, "label": "person"}, {"bottomright": {"x": 678, "y": 81}, "topleft": {"x": 875, "y": 267}, "id": 2, "label": "person"}, {"bottomright": {"x": 2, "y": 0}, "topleft": {"x": 172, "y": 724}, "id": 10, "label": "person"}, {"bottomright": {"x": 287, "y": 260}, "topleft": {"x": 520, "y": 723}, "id": 5, "label": "person"}, {"bottomright": {"x": 824, "y": 118}, "topleft": {"x": 1031, "y": 658}, "id": 7, "label": "person"}, {"bottomright": {"x": 167, "y": 92}, "topleft": {"x": 510, "y": 438}, "id": 9, "label": "person"}, {"bottomright": {"x": 980, "y": 28}, "topleft": {"x": 1202, "y": 425}, "id": 8, "label": "person"}]