[{"bottomright": {"x": 279, "y": 264}, "topleft": {"x": 529, "y": 725}, "id": 5, "label": "person"}, {"bottomright": {"x": 468, "y": 153}, "topleft": {"x": 678, "y": 500}, "id": 6, "label": "person"}, {"bottomright": {"x": 593, "y": 268}, "topleft": {"x": 857, "y": 690}, "id": 1, "label": "person"}, {"bottomright": {"x": 446, "y": 48}, "topleft": {"x": 655, "y": 322}, "id": 7, "label": "person"}, {"bottomright": {"x": 3, "y": 16}, "topleft": {"x": 169, "y": 671}, "id": 10, "label": "person"}, {"bottomright": {"x": 774, "y": 140}, "topleft": {"x": 1032, "y": 542}, "id": 4, "label": "person"}]