[{"bottomright": {"x": 263, "y": 276}, "topleft": {"x": 496, "y": 713}, "id": 5, "label": "person"}, {"bottomright": {"x": 486, "y": 262}, "topleft": {"x": 830, "y": 675}, "id": 1, "label": "person"}, {"bottomright": {"x": 992, "y": 29}, "topleft": {"x": 1203, "y": 430}, "id": 8, "label": "person"}, {"bottomright": {"x": 485, "y": 133}, "topleft": {"x": 739, "y": 411}, "id": 6, "label": "person"}, {"bottomright": {"x": 540, "y": 8}, "topleft": {"x": 870, "y": 295}, "id": 3, "label": "person"}, {"bottomright": {"x": 8, "y": 26}, "topleft": {"x": 203, "y": 647}, "id": 10, "label": "person"}, {"bottomright": {"x": 193, "y": 96}, "topleft": {"x": 488, "y": 383}, "id": 9, "label": "person"}, {"bottomright": {"x": 780, "y": 135}, "topleft": {"x": 1032, "y": 541}, "id": 7, "label": "person"}]