[{"bottomright": {"x": 413, "y": 53}, "topleft": {"x": 589, "y": 334}, "id": 7, "label": "person"}, {"bottomright": {"x": 266, "y": 269}, "topleft": {"x": 504, "y": 722}, "id": 5, "label": "person"}, {"bottomright": {"x": 486, "y": 125}, "topleft": {"x": 711, "y": 455}, "id": 6, "label": "person"}, {"bottomright": {"x": 568, "y": 276}, "topleft": {"x": 902, "y": 692}, "id": 1, "label": "person"}, {"bottomright": {"x": 0, "y": 12}, "topleft": {"x": 184, "y": 670}, "id": 10, "label": "person"}, {"bottomright": {"x": 82, "y": 83}, "topleft": {"x": 474, "y": 703}, "id": 9, "label": "person"}, {"bottomright": {"x": 789, "y": 138}, "topleft": {"x": 1040, "y": 524}, "id": 4, "label": "person"}]