[{"bottomright": {"x": 633, "y": 252}, "topleft": {"x": 897, "y": 698}, "id": 1, "label": "person"}, {"bottomright": {"x": 681, "y": 61}, "topleft": {"x": 845, "y": 324}, "id": 2, "label": "person"}, {"bottomright": {"x": 422, "y": 51}, "topleft": {"x": 581, "y": 332}, "id": 7, "label": "person"}, {"bottomright": {"x": 279, "y": 249}, "topleft": {"x": 526, "y": 733}, "id": 5, "label": "person"}, {"bottomright": {"x": 501, "y": 113}, "topleft": {"x": 706, "y": 448}, "id": 6, "label": "person"}, {"bottomright": {"x": 2, "y": 28}, "topleft": {"x": 174, "y": 657}, "id": 10, "label": "person"}, {"bottomright": {"x": 800, "y": 138}, "topleft": {"x": 1043, "y": 525}, "id": 4, "label": "person"}, {"bottomright": {"x": 132, "y": 96}, "topleft": {"x": 503, "y": 665}, "id": 9, "label": "person"}, {"bottomright": {"x": 979, "y": 38}, "topleft": {"x": 1203, "y": 427}, "id": 8, "label": "person"}]