[{"bottomright": {"x": 637, "y": 250}, "topleft": {"x": 895, "y": 702}, "id": 1, "label": "person"}, {"bottomright": {"x": 681, "y": 64}, "topleft": {"x": 842, "y": 315}, "id": 2, "label": "person"}, {"bottomright": {"x": 419, "y": 55}, "topleft": {"x": 581, "y": 327}, "id": 7, "label": "person"}, {"bottomright": {"x": 261, "y": 265}, "topleft": {"x": 505, "y": 720}, "id": 5, "label": "person"}, {"bottomright": {"x": 485, "y": 130}, "topleft": {"x": 756, "y": 422}, "id": 6, "label": "person"}, {"bottomright": {"x": 802, "y": 138}, "topleft": {"x": 1039, "y": 524}, "id": 4, "label": "person"}, {"bottomright": {"x": 3, "y": 21}, "topleft": {"x": 171, "y": 663}, "id": 10, "label": "person"}, {"bottomright": {"x": 981, "y": 38}, "topleft": {"x": 1203, "y": 427}, "id": 8, "label": "person"}]