[{"bottomright": {"x": 622, "y": 264}, "topleft": {"x": 886, "y": 697}, "id": 1, "label": "person"}, {"bottomright": {"x": 277, "y": 260}, "topleft": {"x": 529, "y": 727}, "id": 5, "label": "person"}, {"bottomright": {"x": 497, "y": 103}, "topleft": {"x": 701, "y": 468}, "id": 6, "label": "person"}, {"bottomright": {"x": 417, "y": 50}, "topleft": {"x": 579, "y": 320}, "id": 7, "label": "person"}, {"bottomright": {"x": 0, "y": 11}, "topleft": {"x": 182, "y": 671}, "id": 10, "label": "person"}, {"bottomright": {"x": 788, "y": 124}, "topleft": {"x": 1042, "y": 466}, "id": 4, "label": "person"}, {"bottomright": {"x": 59, "y": 75}, "topleft": {"x": 494, "y": 705}, "id": 9, "label": "person"}, {"bottomright": {"x": 740, "y": 60}, "topleft": {"x": 896, "y": 300}, "id": 2, "label": "person"}]