[{"bottomright": {"x": 575, "y": 81}, "topleft": {"x": 1082, "y": 653}, "id": 1, "label": "person"}, {"bottomright": {"x": 978, "y": 31}, "topleft": {"x": 1279, "y": 643}, "id": 1, "label": "person"}, {"bottomright": {"x": 156, "y": 327}, "topleft": {"x": 678, "y": 704}, "id": 1, "label": "person"}, {"bottomright": {"x": 1022, "y": 373}, "topleft": {"x": 1278, "y": 722}, "id": 1, "label": "person"}, {"bottomright": {"x": 802, "y": 7}, "topleft": {"x": 1074, "y": 300}, "id": 1, "label": "person"}, {"bottomright": {"x": 445, "y": 60}, "topleft": {"x": 693, "y": 507}, "id": 1, "label": "person"}, {"bottomright": {"x": 136, "y": 7}, "topleft": {"x": 495, "y": 335}, "id": 1, "label": "person"}, {"bottomright": {"x": 678, "y": 458}, "topleft": {"x": 1044, "y": 728}, "id": 1, "label": "person"}, {"bottomright": {"x": 0, "y": 203}, "topleft": {"x": 176, "y": 755}, "id": 1, "label": "person"}, {"bottomright": {"x": -1, "y": -1}, "topleft": {"x": 176, "y": 360}, "id": 1, "label": "person"}]