[{"bottomright": {"x": 639, "y": 250}, "topleft": {"x": 889, "y": 701}, "id": 1, "label": "person"}, {"bottomright": {"x": 417, "y": 56}, "topleft": {"x": 581, "y": 332}, "id": 7, "label": "person"}, {"bottomright": {"x": 685, "y": 61}, "topleft": {"x": 848, "y": 310}, "id": 2, "label": "person"}, {"bottomright": {"x": 485, "y": 113}, "topleft": {"x": 711, "y": 458}, "id": 6, "label": "person"}, {"bottomright": {"x": 261, "y": 285}, "topleft": {"x": 507, "y": 705}, "id": 5, "label": "person"}, {"bottomright": {"x": 0, "y": 46}, "topleft": {"x": 175, "y": 708}, "id": 10, "label": "person"}, {"bottomright": {"x": 981, "y": 27}, "topleft": {"x": 1199, "y": 433}, "id": 8, "label": "person"}, {"bottomright": {"x": 805, "y": 145}, "topleft": {"x": 1044, "y": 517}, "id": 4, "label": "person"}]