[{"bottomright": {"x": 589, "y": 75}, "topleft": {"x": 1079, "y": 664}, "id": 1, "label": "person"}, {"bottomright": {"x": 968, "y": 20}, "topleft": {"x": 1279, "y": 561}, "id": 10, "label": "person"}, {"bottomright": {"x": 1020, "y": 382}, "topleft": {"x": 1279, "y": 716}, "id": 4, "label": "person"}, {"bottomright": {"x": 151, "y": 324}, "topleft": {"x": 676, "y": 707}, "id": 2, "label": "person"}, {"bottomright": {"x": 718, "y": 493}, "topleft": {"x": 1024, "y": 731}, "id": 6, "label": "person"}, {"bottomright": {"x": 143, "y": 0}, "topleft": {"x": 421, "y": 312}, "id": 9, "label": "person"}, {"bottomright": {"x": 790, "y": 6}, "topleft": {"x": 1069, "y": 305}, "id": 5, "label": "person"}, {"bottomright": {"x": 449, "y": 70}, "topleft": {"x": 696, "y": 512}, "id": 8, "label": "person"}, {"bottomright": {"x": 420, "y": 0}, "topleft": {"x": 729, "y": 292}, "id": 3, "label": "person"}, {"bottomright": {"x": 0, "y": 0}, "topleft": {"x": 156, "y": 308}, "id": 7, "label": "person"}]