[{"bottomright": {"x": 575, "y": 81}, "topleft": {"x": 352, "y": 303}, "id": 1, "label": "person"}, {"bottomright": {"x": 978, "y": 31}, "topleft": {"x": 415, "y": 300}, "id": 1, "label": "person"}, {"bottomright": {"x": 156, "y": 327}, "topleft": {"x": 220, "y": 320}, "id": 1, "label": "person"}, {"bottomright": {"x": 1022, "y": 373}, "topleft": {"x": 415, "y": 325}, "id": 1, "label": "person"}, {"bottomright": {"x": 802, "y": 7}, "topleft": {"x": 349, "y": 188}, "id": 1, "label": "person"}, {"bottomright": {"x": 445, "y": 60}, "topleft": {"x": 225, "y": 256}, "id": 1, "label": "person"}, {"bottomright": {"x": 136, "y": 7}, "topleft": {"x": 161, "y": 200}, "id": 1, "label": "person"}, {"bottomright": {"x": 678, "y": 458}, "topleft": {"x": 339, "y": 328}, "id": 1, "label": "person"}, {"bottomright": {"x": 0, "y": 203}, "topleft": {"x": 57, "y": 336}, "id": 1, "label": "person"}, {"bottomright": {"x": -1, "y": -1}, "topleft": {"x": 57, "y": 207}, "id": 1, "label": "person"}]