[{"bottomright": {"x": 612, "y": 77}, "topleft": {"x": 1076, "y": 658}, "id": 1, "label": "person"}, {"bottomright": {"x": 156, "y": 255}, "topleft": {"x": 745, "y": 714}, "id": 2, "label": "person"}, {"bottomright": {"x": 981, "y": 25}, "topleft": {"x": 1287, "y": 564}, "id": 3, "label": "person"}, {"bottomright": {"x": 1027, "y": 368}, "topleft": {"x": 1272, "y": 723}, "id": 4, "label": "person"}, {"bottomright": {"x": 779, "y": 6}, "topleft": {"x": 1063, "y": 308}, "id": 5, "label": "person"}, {"bottomright": {"x": 729, "y": 490}, "topleft": {"x": 1018, "y": 739}, "id": 6, "label": "person"}, {"bottomright": {"x": 0, "y": 1}, "topleft": {"x": 146, "y": 300}, "id": 7, "label": "person"}, {"bottomright": {"x": 451, "y": 71}, "topleft": {"x": 693, "y": 494}, "id": 8, "label": "person"}, {"bottomright": {"x": 144, "y": 7}, "topleft": {"x": 410, "y": 275}, "id": 9, "label": "person"}, {"bottomright": {"x": 120, "y": 85}, "topleft": {"x": 343, "y": 482}, "id": 10, "label": "person"}]