[{"bottomright": {"x": 589, "y": 106}, "topleft": {"x": 1084, "y": 654}, "id": 1, "label": "person"}, {"bottomright": {"x": 983, "y": 43}, "topleft": {"x": 1281, "y": 625}, "id": 1, "label": "person"}, {"bottomright": {"x": 1022, "y": 373}, "topleft": {"x": 1275, "y": 717}, "id": 1, "label": "person"}, {"bottomright": {"x": 784, "y": 6}, "topleft": {"x": 1069, "y": 306}, "id": 1, "label": "person"}, {"bottomright": {"x": 178, "y": 314}, "topleft": {"x": 720, "y": 717}, "id": 1, "label": "person"}, {"bottomright": {"x": 717, "y": 490}, "topleft": {"x": 1029, "y": 733}, "id": 1, "label": "person"}, {"bottomright": {"x": 445, "y": 68}, "topleft": {"x": 687, "y": 501}, "id": 1, "label": "person"}, {"bottomright": {"x": 144, "y": 2}, "topleft": {"x": 420, "y": 311}, "id": 1, "label": "person"}]