[{"bottomright": {"x": 589, "y": 106}, "topleft": {"x": 352, "y": 303}, "id": 1, "label": "person"}, {"bottomright": {"x": 983, "y": 43}, "topleft": {"x": 416, "y": 294}, "id": 1, "label": "person"}, {"bottomright": {"x": 1022, "y": 373}, "topleft": {"x": 414, "y": 324}, "id": 1, "label": "person"}, {"bottomright": {"x": 784, "y": 6}, "topleft": {"x": 347, "y": 190}, "id": 1, "label": "person"}, {"bottomright": {"x": 178, "y": 314}, "topleft": {"x": 234, "y": 324}, "id": 1, "label": "person"}, {"bottomright": {"x": 717, "y": 490}, "topleft": {"x": 334, "y": 329}, "id": 1, "label": "person"}, {"bottomright": {"x": 445, "y": 68}, "topleft": {"x": 223, "y": 254}, "id": 1, "label": "person"}, {"bottomright": {"x": 144, "y": 2}, "topleft": {"x": 136, "y": 192}, "id": 1, "label": "person"}]