[{"bottomright": {"x": 635, "y": 249}, "topleft": {"x": 896, "y": 708}, "id": 1, "label": "person"}, {"bottomright": {"x": 426, "y": 49}, "topleft": {"x": 620, "y": 335}, "id": 7, "label": "person"}, {"bottomright": {"x": 682, "y": 66}, "topleft": {"x": 846, "y": 321}, "id": 2, "label": "person"}, {"bottomright": {"x": 474, "y": 136}, "topleft": {"x": 685, "y": 440}, "id": 6, "label": "person"}, {"bottomright": {"x": 1, "y": 25}, "topleft": {"x": 177, "y": 725}, "id": 10, "label": "person"}, {"bottomright": {"x": 268, "y": 274}, "topleft": {"x": 535, "y": 721}, "id": 5, "label": "person"}, {"bottomright": {"x": 96, "y": 83}, "topleft": {"x": 458, "y": 704}, "id": 9, "label": "person"}, {"bottomright": {"x": 981, "y": 27}, "topleft": {"x": 1195, "y": 429}, "id": 8, "label": "person"}, {"bottomright": {"x": 804, "y": 143}, "topleft": {"x": 1040, "y": 520}, "id": 4, "label": "person"}]