[{"bottomright": {"x": 589, "y": 75}, "topleft": {"x": 351, "y": 307}, "id": 1, "label": "person"}, {"bottomright": {"x": 968, "y": 20}, "topleft": {"x": 415, "y": 273}, "id": 1, "label": "person"}, {"bottomright": {"x": 1020, "y": 382}, "topleft": {"x": 416, "y": 323}, "id": 1, "label": "person"}, {"bottomright": {"x": 151, "y": 324}, "topleft": {"x": 219, "y": 320}, "id": 1, "label": "person"}, {"bottomright": {"x": 718, "y": 493}, "topleft": {"x": 333, "y": 328}, "id": 1, "label": "person"}, {"bottomright": {"x": 143, "y": -1}, "topleft": {"x": 137, "y": 192}, "id": 1, "label": "person"}, {"bottomright": {"x": 790, "y": 6}, "topleft": {"x": 347, "y": 190}, "id": 1, "label": "person"}, {"bottomright": {"x": 449, "y": 70}, "topleft": {"x": 226, "y": 257}, "id": 1, "label": "person"}, {"bottomright": {"x": 420, "y": -5}, "topleft": {"x": 237, "y": 184}, "id": 1, "label": "person"}, {"bottomright": {"x": 0, "y": -4}, "topleft": {"x": 50, "y": 189}, "id": 1, "label": "person"}]