[{"bottomright": {"x": 589, "y": 75}, "topleft": {"x": 1079, "y": 664}, "id": 1, "label": "person"}, {"bottomright": {"x": 968, "y": 20}, "topleft": {"x": 1279, "y": 561}, "id": 1, "label": "person"}, {"bottomright": {"x": 1020, "y": 382}, "topleft": {"x": 1279, "y": 716}, "id": 1, "label": "person"}, {"bottomright": {"x": 151, "y": 324}, "topleft": {"x": 676, "y": 707}, "id": 1, "label": "person"}, {"bottomright": {"x": 718, "y": 493}, "topleft": {"x": 1024, "y": 731}, "id": 1, "label": "person"}, {"bottomright": {"x": 143, "y": -1}, "topleft": {"x": 421, "y": 311}, "id": 1, "label": "person"}, {"bottomright": {"x": 790, "y": 6}, "topleft": {"x": 1069, "y": 305}, "id": 1, "label": "person"}, {"bottomright": {"x": 449, "y": 70}, "topleft": {"x": 696, "y": 512}, "id": 1, "label": "person"}, {"bottomright": {"x": 420, "y": -5}, "topleft": {"x": 729, "y": 287}, "id": 1, "label": "person"}, {"bottomright": {"x": 0, "y": -4}, "topleft": {"x": 156, "y": 304}, "id": 1, "label": "person"}]