[{"bottomright": {"x": 612, "y": 77}, "topleft": {"x": 349, "y": 305}, "id": 1, "label": "person"}, {"bottomright": {"x": 156, "y": 255}, "topleft": {"x": 242, "y": 323}, "id": 1, "label": "person"}, {"bottomright": {"x": 981, "y": 25}, "topleft": {"x": 418, "y": 274}, "id": 1, "label": "person"}, {"bottomright": {"x": 1027, "y": 368}, "topleft": {"x": 413, "y": 326}, "id": 1, "label": "person"}, {"bottomright": {"x": 779, "y": 6}, "topleft": {"x": 345, "y": 191}, "id": 1, "label": "person"}, {"bottomright": {"x": 729, "y": 490}, "topleft": {"x": 331, "y": 331}, "id": 1, "label": "person"}, {"bottomright": {"x": 0, "y": 1}, "topleft": {"x": 47, "y": 188}, "id": 1, "label": "person"}, {"bottomright": {"x": 451, "y": 71}, "topleft": {"x": 225, "y": 251}, "id": 1, "label": "person"}, {"bottomright": {"x": 144, "y": 7}, "topleft": {"x": 133, "y": 180}, "id": 1, "label": "person"}, {"bottomright": {"x": 120, "y": 85}, "topleft": {"x": 111, "y": 247}, "id": 1, "label": "person"}]