[{"bottomright": {"x": 593, "y": 81}, "topleft": {"x": 1083, "y": 670}, "id": 1, "label": "person"}, {"bottomright": {"x": 965, "y": 28}, "topleft": {"x": 1285, "y": 550}, "id": 1, "label": "person"}, {"bottomright": {"x": 773, "y": 9}, "topleft": {"x": 1069, "y": 299}, "id": 1, "label": "person"}, {"bottomright": {"x": 1016, "y": 378}, "topleft": {"x": 1279, "y": 719}, "id": 1, "label": "person"}, {"bottomright": {"x": 750, "y": 495}, "topleft": {"x": 1042, "y": 728}, "id": 1, "label": "person"}, {"bottomright": {"x": 180, "y": 319}, "topleft": {"x": 678, "y": 711}, "id": 1, "label": "person"}, {"bottomright": {"x": 447, "y": 75}, "topleft": {"x": 692, "y": 512}, "id": 1, "label": "person"}, {"bottomright": {"x": 139, "y": -4}, "topleft": {"x": 429, "y": 277}, "id": 1, "label": "person"}, {"bottomright": {"x": 0, "y": 1}, "topleft": {"x": 146, "y": 294}, "id": 1, "label": "person"}, {"bottomright": {"x": 456, "y": 7}, "topleft": {"x": 756, "y": 265}, "id": 1, "label": "person"}]