[{"bottomright": {"x": 593, "y": 81}, "topleft": {"x": 352, "y": 309}, "id": 1, "label": "person"}, {"bottomright": {"x": 965, "y": 28}, "topleft": {"x": 417, "y": 270}, "id": 1, "label": "person"}, {"bottomright": {"x": 773, "y": 9}, "topleft": {"x": 347, "y": 188}, "id": 1, "label": "person"}, {"bottomright": {"x": 1016, "y": 378}, "topleft": {"x": 416, "y": 325}, "id": 1, "label": "person"}, {"bottomright": {"x": 750, "y": 495}, "topleft": {"x": 338, "y": 327}, "id": 1, "label": "person"}, {"bottomright": {"x": 180, "y": 319}, "topleft": {"x": 220, "y": 322}, "id": 1, "label": "person"}, {"bottomright": {"x": 447, "y": 75}, "topleft": {"x": 225, "y": 257}, "id": 1, "label": "person"}, {"bottomright": {"x": 139, "y": -4}, "topleft": {"x": 139, "y": 181}, "id": 1, "label": "person"}, {"bottomright": {"x": 0, "y": 1}, "topleft": {"x": 47, "y": 186}, "id": 1, "label": "person"}, {"bottomright": {"x": 456, "y": 7}, "topleft": {"x": 245, "y": 177}, "id": 1, "label": "person"}]