[{"bottomright": {"x": 601, "y": 85}, "topleft": {"x": 352, "y": 304}, "id": 1, "label": "person"}, {"bottomright": {"x": 967, "y": 59}, "topleft": {"x": 418, "y": 246}, "id": 1, "label": "person"}, {"bottomright": {"x": 1015, "y": 375}, "topleft": {"x": 416, "y": 325}, "id": 1, "label": "person"}, {"bottomright": {"x": 769, "y": 8}, "topleft": {"x": 343, "y": 188}, "id": 1, "label": "person"}, {"bottomright": {"x": 186, "y": 232}, "topleft": {"x": 226, "y": 322}, "id": 1, "label": "person"}, {"bottomright": {"x": 485, "y": 89}, "topleft": {"x": 232, "y": 244}, "id": 1, "label": "person"}, {"bottomright": {"x": 120, "y": 95}, "topleft": {"x": 111, "y": 243}, "id": 1, "label": "person"}, {"bottomright": {"x": 716, "y": 496}, "topleft": {"x": 332, "y": 329}, "id": 1, "label": "person"}, {"bottomright": {"x": 386, "y": 5}, "topleft": {"x": 246, "y": 180}, "id": 1, "label": "person"}, {"bottomright": {"x": 0, "y": 5}, "topleft": {"x": 47, "y": 187}, "id": 1, "label": "person"}, {"bottomright": {"x": 134, "y": 3}, "topleft": {"x": 136, "y": 184}, "id": 1, "label": "person"}]