[{"bottomright": {"x": 195, "y": 396}, "topleft": {"x": 509, "y": 720}, "id": 1, "label": "person"}, {"bottomright": {"x": 470, "y": 31}, "topleft": {"x": 731, "y": 680}, "id": 2, "label": "person"}, {"bottomright": {"x": 666, "y": 340}, "topleft": {"x": 1044, "y": 713}, "id": 3, "label": "person"}, {"bottomright": {"x": 773, "y": 102}, "topleft": {"x": 1043, "y": 375}, "id": 4, "label": "person"}, {"bottomright": {"x": 1066, "y": 76}, "topleft": {"x": 1213, "y": 400}, "id": 5, "label": "person"}, {"bottomright": {"x": 1186, "y": 78}, "topleft": {"x": 1283, "y": 299}, "id": 6, "label": "person"}]