[{"bottomright": {"x": 474, "y": 34}, "topleft": {"x": 727, "y": 682}, "id": 1, "label": "person"}, {"bottomright": {"x": 656, "y": 333}, "topleft": {"x": 1049, "y": 715}, "id": 1, "label": "person"}, {"bottomright": {"x": 198, "y": 391}, "topleft": {"x": 509, "y": 720}, "id": 1, "label": "person"}, {"bottomright": {"x": 765, "y": 92}, "topleft": {"x": 1051, "y": 377}, "id": 1, "label": "person"}, {"bottomright": {"x": 1065, "y": 75}, "topleft": {"x": 1214, "y": 391}, "id": 1, "label": "person"}, {"bottomright": {"x": 1187, "y": 76}, "topleft": {"x": 1284, "y": 307}, "id": 1, "label": "person"}]