[{"bottomright": {"x": 195, "y": 396}, "topleft": {"x": 165, "y": 325}, "id": 1, "label": "person"}, {"bottomright": {"x": 470, "y": 31}, "topleft": {"x": 237, "y": 312}, "id": 1, "label": "person"}, {"bottomright": {"x": 666, "y": 340}, "topleft": {"x": 339, "y": 323}, "id": 1, "label": "person"}, {"bottomright": {"x": 773, "y": 102}, "topleft": {"x": 339, "y": 213}, "id": 1, "label": "person"}, {"bottomright": {"x": 1066, "y": 76}, "topleft": {"x": 394, "y": 221}, "id": 1, "label": "person"}, {"bottomright": {"x": 1186, "y": 78}, "topleft": {"x": 417, "y": 188}, "id": 1, "label": "person"}]