[{"bottomright": {"x": 207, "y": 386}, "topleft": {"x": 510, "y": 722}, "id": 1, "label": "person"}, {"bottomright": {"x": 515, "y": 56}, "topleft": {"x": 739, "y": 612}, "id": 1, "label": "person"}, {"bottomright": {"x": 754, "y": 59}, "topleft": {"x": 1053, "y": 403}, "id": 1, "label": "person"}, {"bottomright": {"x": 1062, "y": 73}, "topleft": {"x": 1218, "y": 392}, "id": 1, "label": "person"}, {"bottomright": {"x": 1189, "y": 77}, "topleft": {"x": 1283, "y": 306}, "id": 1, "label": "person"}]