[{"bottomright": {"x": 474, "y": 34}, "topleft": {"x": 236, "y": 312}, "id": 1, "label": "person"}, {"bottomright": {"x": 656, "y": 333}, "topleft": {"x": 341, "y": 323}, "id": 1, "label": "person"}, {"bottomright": {"x": 198, "y": 391}, "topleft": {"x": 165, "y": 325}, "id": 1, "label": "person"}, {"bottomright": {"x": 765, "y": 92}, "topleft": {"x": 341, "y": 213}, "id": 1, "label": "person"}, {"bottomright": {"x": 1065, "y": 75}, "topleft": {"x": 394, "y": 218}, "id": 1, "label": "person"}, {"bottomright": {"x": 1187, "y": 76}, "topleft": {"x": 417, "y": 191}, "id": 1, "label": "person"}]