[{"bottomright": {"x": 249, "y": 137}, "topleft": {"x": 504, "y": 706}, "id": 1, "label": "person"}, {"bottomright": {"x": 590, "y": 91}, "topleft": {"x": 806, "y": 712}, "id": 1, "label": "person"}, {"bottomright": {"x": 726, "y": 159}, "topleft": {"x": 919, "y": 692}, "id": 1, "label": "person"}, {"bottomright": {"x": 437, "y": 130}, "topleft": {"x": 615, "y": 745}, "id": 1, "label": "person"}, {"bottomright": {"x": 874, "y": 105}, "topleft": {"x": 1039, "y": 738}, "id": 1, "label": "person"}]