[{"bottomright": {"x": 252, "y": 136}, "topleft": {"x": 507, "y": 706}, "id": 1, "label": "person"}, {"bottomright": {"x": 592, "y": 82}, "topleft": {"x": 808, "y": 717}, "id": 1, "label": "person"}, {"bottomright": {"x": 433, "y": 113}, "topleft": {"x": 610, "y": 755}, "id": 1, "label": "person"}, {"bottomright": {"x": 725, "y": 155}, "topleft": {"x": 921, "y": 694}, "id": 1, "label": "person"}, {"bottomright": {"x": 880, "y": 100}, "topleft": {"x": 1034, "y": 738}, "id": 1, "label": "person"}]