[{"bottomright": {"x": 257, "y": 136}, "topleft": {"x": 514, "y": 702}, "id": 1, "label": "person"}, {"bottomright": {"x": 495, "y": 101}, "topleft": {"x": 762, "y": 700}, "id": 1, "label": "person"}, {"bottomright": {"x": 720, "y": 163}, "topleft": {"x": 883, "y": 703}, "id": 1, "label": "person"}, {"bottomright": {"x": 861, "y": 103}, "topleft": {"x": 1040, "y": 736}, "id": 1, "label": "person"}, {"bottomright": {"x": 420, "y": 127}, "topleft": {"x": 593, "y": 719}, "id": 1, "label": "person"}]