[{"bottomright": {"x": 435, "y": 107}, "topleft": {"x": 609, "y": 772}, "id": 1, "label": "person"}, {"bottomright": {"x": 240, "y": 108}, "topleft": {"x": 423, "y": 742}, "id": 1, "label": "person"}, {"bottomright": {"x": 609, "y": 65}, "topleft": {"x": 786, "y": 765}, "id": 1, "label": "person"}, {"bottomright": {"x": 730, "y": 157}, "topleft": {"x": 905, "y": 716}, "id": 1, "label": "person"}, {"bottomright": {"x": 869, "y": 111}, "topleft": {"x": 1033, "y": 739}, "id": 1, "label": "person"}]