[{"bottomright": {"x": 247, "y": 109}, "topleft": {"x": 414, "y": 740}, "id": 1, "label": "person"}, {"bottomright": {"x": 608, "y": 74}, "topleft": {"x": 801, "y": 753}, "id": 1, "label": "person"}, {"bottomright": {"x": 443, "y": 124}, "topleft": {"x": 614, "y": 764}, "id": 1, "label": "person"}, {"bottomright": {"x": 740, "y": 153}, "topleft": {"x": 910, "y": 709}, "id": 1, "label": "person"}, {"bottomright": {"x": 870, "y": 102}, "topleft": {"x": 1033, "y": 743}, "id": 1, "label": "person"}]