[{"bottomright": {"x": 251, "y": 101}, "topleft": {"x": 411, "y": 748}, "id": 1, "label": "person"}, {"bottomright": {"x": 614, "y": 79}, "topleft": {"x": 821, "y": 749}, "id": 1, "label": "person"}, {"bottomright": {"x": 450, "y": 122}, "topleft": {"x": 614, "y": 761}, "id": 1, "label": "person"}, {"bottomright": {"x": 762, "y": 159}, "topleft": {"x": 925, "y": 704}, "id": 1, "label": "person"}, {"bottomright": {"x": 881, "y": 110}, "topleft": {"x": 1045, "y": 744}, "id": 1, "label": "person"}]