[{"bottomright": {"x": 255, "y": 111}, "topleft": {"x": 414, "y": 737}, "id": 1, "label": "person"}, {"bottomright": {"x": 620, "y": 82}, "topleft": {"x": 818, "y": 712}, "id": 1, "label": "person"}, {"bottomright": {"x": 757, "y": 153}, "topleft": {"x": 930, "y": 710}, "id": 1, "label": "person"}, {"bottomright": {"x": 452, "y": 140}, "topleft": {"x": 617, "y": 730}, "id": 1, "label": "person"}, {"bottomright": {"x": 886, "y": 102}, "topleft": {"x": 1047, "y": 754}, "id": 1, "label": "person"}]