[{"bottomright": {"x": 174, "y": 109}, "topleft": {"x": 389, "y": 676}, "id": 1, "label": "person"}, {"bottomright": {"x": 649, "y": 140}, "topleft": {"x": 897, "y": 738}, "id": 1, "label": "person"}, {"bottomright": {"x": 853, "y": 112}, "topleft": {"x": 1138, "y": 725}, "id": 1, "label": "person"}, {"bottomright": {"x": 461, "y": 93}, "topleft": {"x": 698, "y": 685}, "id": 1, "label": "person"}, {"bottomright": {"x": 341, "y": 196}, "topleft": {"x": 561, "y": 753}, "id": 1, "label": "person"}]