[{"bottomright": {"x": 848, "y": 121}, "topleft": {"x": 1141, "y": 717}, "id": 1, "label": "person"}, {"bottomright": {"x": 668, "y": 155}, "topleft": {"x": 882, "y": 736}, "id": 1, "label": "person"}, {"bottomright": {"x": 176, "y": 118}, "topleft": {"x": 386, "y": 673}, "id": 1, "label": "person"}, {"bottomright": {"x": 341, "y": 127}, "topleft": {"x": 569, "y": 756}, "id": 1, "label": "person"}, {"bottomright": {"x": 492, "y": 49}, "topleft": {"x": 699, "y": 729}, "id": 1, "label": "person"}]