[{"bottomright": {"x": 175, "y": 101}, "topleft": {"x": 387, "y": 682}, "id": 1, "label": "person"}, {"bottomright": {"x": 850, "y": 112}, "topleft": {"x": 1146, "y": 726}, "id": 1, "label": "person"}, {"bottomright": {"x": 495, "y": 57}, "topleft": {"x": 697, "y": 726}, "id": 1, "label": "person"}, {"bottomright": {"x": 347, "y": 169}, "topleft": {"x": 585, "y": 701}, "id": 1, "label": "person"}, {"bottomright": {"x": 673, "y": 139}, "topleft": {"x": 874, "y": 743}, "id": 1, "label": "person"}]