[{"bottomright": {"x": 613, "y": 74}, "topleft": {"x": 787, "y": 682}, "id": 1, "label": "person"}, {"bottomright": {"x": 281, "y": 128}, "topleft": {"x": 568, "y": 709}, "id": 1, "label": "person"}, {"bottomright": {"x": 750, "y": 117}, "topleft": {"x": 889, "y": 673}, "id": 1, "label": "person"}, {"bottomright": {"x": 512, "y": 101}, "topleft": {"x": 652, "y": 682}, "id": 1, "label": "person"}, {"bottomright": {"x": 858, "y": 104}, "topleft": {"x": 1033, "y": 736}, "id": 1, "label": "person"}]