[{"bottomright": {"x": 268, "y": 144}, "topleft": {"x": 573, "y": 713}, "id": 1, "label": "person"}, {"bottomright": {"x": 613, "y": 81}, "topleft": {"x": 780, "y": 673}, "id": 1, "label": "person"}, {"bottomright": {"x": 744, "y": 120}, "topleft": {"x": 886, "y": 669}, "id": 1, "label": "person"}, {"bottomright": {"x": 861, "y": 101}, "topleft": {"x": 1038, "y": 691}, "id": 1, "label": "person"}, {"bottomright": {"x": 510, "y": 106}, "topleft": {"x": 657, "y": 682}, "id": 1, "label": "person"}]