[{"bottomright": {"x": 601, "y": 96}, "topleft": {"x": 758, "y": 661}, "id": 1, "label": "person"}, {"bottomright": {"x": 282, "y": 65}, "topleft": {"x": 454, "y": 729}, "id": 1, "label": "person"}, {"bottomright": {"x": 727, "y": 128}, "topleft": {"x": 880, "y": 665}, "id": 1, "label": "person"}, {"bottomright": {"x": 503, "y": 103}, "topleft": {"x": 659, "y": 674}, "id": 1, "label": "person"}, {"bottomright": {"x": 861, "y": 84}, "topleft": {"x": 1027, "y": 706}, "id": 1, "label": "person"}, {"bottomright": {"x": 397, "y": 83}, "topleft": {"x": 523, "y": 688}, "id": 1, "label": "person"}]