[{"bottomright": {"x": 269, "y": 65}, "topleft": {"x": 441, "y": 723}, "id": 1, "label": "person"}, {"bottomright": {"x": 740, "y": 119}, "topleft": {"x": 873, "y": 669}, "id": 1, "label": "person"}, {"bottomright": {"x": 633, "y": 80}, "topleft": {"x": 760, "y": 662}, "id": 1, "label": "person"}, {"bottomright": {"x": 384, "y": 90}, "topleft": {"x": 526, "y": 683}, "id": 1, "label": "person"}, {"bottomright": {"x": 863, "y": 77}, "topleft": {"x": 1024, "y": 714}, "id": 1, "label": "person"}, {"bottomright": {"x": 507, "y": 100}, "topleft": {"x": 652, "y": 684}, "id": 1, "label": "person"}]