[{"bottomright": {"x": 200, "y": 117}, "topleft": {"x": 610, "y": 720}, "id": 1, "label": "person"}, {"bottomright": {"x": 559, "y": 160}, "topleft": {"x": 854, "y": 730}, "id": 1, "label": "person"}, {"bottomright": {"x": -9, "y": 101}, "topleft": {"x": 258, "y": 730}, "id": 1, "label": "person"}, {"bottomright": {"x": 758, "y": 48}, "topleft": {"x": 1080, "y": 730}, "id": 1, "label": "person"}, {"bottomright": {"x": 1001, "y": 142}, "topleft": {"x": 1279, "y": 714}, "id": 1, "label": "person"}]