[{"bottomright": {"x": 202, "y": 110}, "topleft": {"x": 613, "y": 724}, "id": 1, "label": "person"}, {"bottomright": {"x": 558, "y": 165}, "topleft": {"x": 857, "y": 728}, "id": 1, "label": "person"}, {"bottomright": {"x": 760, "y": 54}, "topleft": {"x": 1086, "y": 725}, "id": 1, "label": "person"}, {"bottomright": {"x": 1000, "y": 149}, "topleft": {"x": 1281, "y": 713}, "id": 1, "label": "person"}, {"bottomright": {"x": -8, "y": 97}, "topleft": {"x": 259, "y": 734}, "id": 1, "label": "person"}]