[{"bottomright": {"x": 210, "y": 116}, "topleft": {"x": 590, "y": 718}, "id": 1, "label": "person"}, {"bottomright": {"x": 571, "y": 173}, "topleft": {"x": 858, "y": 720}, "id": 1, "label": "person"}, {"bottomright": {"x": -4, "y": 84}, "topleft": {"x": 260, "y": 713}, "id": 1, "label": "person"}, {"bottomright": {"x": 763, "y": 49}, "topleft": {"x": 1095, "y": 731}, "id": 1, "label": "person"}, {"bottomright": {"x": 1002, "y": 151}, "topleft": {"x": 1281, "y": 716}, "id": 1, "label": "person"}]