[{"bottomright": {"x": 220, "y": 117}, "topleft": {"x": 536, "y": 717}, "id": 1, "label": "person"}, {"bottomright": {"x": -3, "y": 82}, "topleft": {"x": 257, "y": 713}, "id": 1, "label": "person"}, {"bottomright": {"x": 569, "y": 165}, "topleft": {"x": 857, "y": 723}, "id": 1, "label": "person"}, {"bottomright": {"x": 765, "y": 55}, "topleft": {"x": 1095, "y": 731}, "id": 1, "label": "person"}, {"bottomright": {"x": 1039, "y": 168}, "topleft": {"x": 1280, "y": 699}, "id": 1, "label": "person"}]