[{"bottomright": {"x": 224, "y": 117}, "topleft": {"x": 536, "y": 716}, "id": 1, "label": "person"}, {"bottomright": {"x": -4, "y": 80}, "topleft": {"x": 257, "y": 715}, "id": 1, "label": "person"}, {"bottomright": {"x": 574, "y": 160}, "topleft": {"x": 854, "y": 725}, "id": 1, "label": "person"}, {"bottomright": {"x": 1040, "y": 163}, "topleft": {"x": 1278, "y": 705}, "id": 1, "label": "person"}, {"bottomright": {"x": 765, "y": 57}, "topleft": {"x": 1094, "y": 729}, "id": 1, "label": "person"}]