[{"bottomright": {"x": 222, "y": 115}, "topleft": {"x": 538, "y": 721}, "id": 1, "label": "person"}, {"bottomright": {"x": 576, "y": 161}, "topleft": {"x": 860, "y": 721}, "id": 1, "label": "person"}, {"bottomright": {"x": -3, "y": 83}, "topleft": {"x": 259, "y": 712}, "id": 1, "label": "person"}, {"bottomright": {"x": 767, "y": 51}, "topleft": {"x": 1092, "y": 730}, "id": 1, "label": "person"}, {"bottomright": {"x": 1043, "y": 159}, "topleft": {"x": 1276, "y": 708}, "id": 1, "label": "person"}]