[{"bottomright": {"x": 225, "y": 115}, "topleft": {"x": 537, "y": 723}, "id": 1, "label": "person"}, {"bottomright": {"x": -2, "y": 79}, "topleft": {"x": 258, "y": 712}, "id": 1, "label": "person"}, {"bottomright": {"x": 575, "y": 160}, "topleft": {"x": 863, "y": 722}, "id": 1, "label": "person"}, {"bottomright": {"x": 760, "y": 52}, "topleft": {"x": 1093, "y": 728}, "id": 1, "label": "person"}, {"bottomright": {"x": 1044, "y": 160}, "topleft": {"x": 1276, "y": 710}, "id": 1, "label": "person"}]