[{"bottomright": {"x": 588, "y": 225}, "topleft": {"x": 902, "y": 528}, "id": 1, "label": "person"}, {"bottomright": {"x": 837, "y": 203}, "topleft": {"x": 1181, "y": 511}, "id": 1, "label": "person"}, {"bottomright": {"x": 439, "y": 99}, "topleft": {"x": 592, "y": 271}, "id": 1, "label": "person"}, {"bottomright": {"x": 1139, "y": 141}, "topleft": {"x": 1271, "y": 359}, "id": 1, "label": "person"}, {"bottomright": {"x": 785, "y": 47}, "topleft": {"x": 903, "y": 256}, "id": 1, "label": "person"}, {"bottomright": {"x": 981, "y": 133}, "topleft": {"x": 1043, "y": 269}, "id": 1, "label": "person"}, {"bottomright": {"x": 170, "y": 149}, "topleft": {"x": 509, "y": 528}, "id": 1, "label": "person"}]