[{"bottomright": {"x": 828, "y": 204}, "topleft": {"x": 1183, "y": 511}, "id": 1, "label": "person"}, {"bottomright": {"x": 590, "y": 223}, "topleft": {"x": 895, "y": 524}, "id": 1, "label": "person"}, {"bottomright": {"x": 439, "y": 101}, "topleft": {"x": 591, "y": 268}, "id": 1, "label": "person"}, {"bottomright": {"x": 784, "y": 47}, "topleft": {"x": 906, "y": 256}, "id": 1, "label": "person"}, {"bottomright": {"x": 1123, "y": 136}, "topleft": {"x": 1273, "y": 402}, "id": 1, "label": "person"}, {"bottomright": {"x": 165, "y": 153}, "topleft": {"x": 511, "y": 520}, "id": 1, "label": "person"}]