[{"bottomright": {"x": 824, "y": 209}, "topleft": {"x": 1185, "y": 513}, "id": 1, "label": "person"}, {"bottomright": {"x": 594, "y": 223}, "topleft": {"x": 892, "y": 526}, "id": 1, "label": "person"}, {"bottomright": {"x": 461, "y": 106}, "topleft": {"x": 585, "y": 273}, "id": 1, "label": "person"}, {"bottomright": {"x": 790, "y": 66}, "topleft": {"x": 922, "y": 274}, "id": 1, "label": "person"}, {"bottomright": {"x": 1119, "y": 139}, "topleft": {"x": 1274, "y": 397}, "id": 1, "label": "person"}, {"bottomright": {"x": 165, "y": 134}, "topleft": {"x": 486, "y": 441}, "id": 1, "label": "person"}]