[{"bottomright": {"x": 802, "y": 212}, "topleft": {"x": 1118, "y": 507}, "id": 1, "label": "person"}, {"bottomright": {"x": 458, "y": 102}, "topleft": {"x": 586, "y": 277}, "id": 1, "label": "person"}, {"bottomright": {"x": 593, "y": 239}, "topleft": {"x": 895, "y": 523}, "id": 1, "label": "person"}, {"bottomright": {"x": 1139, "y": 143}, "topleft": {"x": 1269, "y": 356}, "id": 1, "label": "person"}, {"bottomright": {"x": 803, "y": 73}, "topleft": {"x": 934, "y": 279}, "id": 1, "label": "person"}, {"bottomright": {"x": 204, "y": 109}, "topleft": {"x": 301, "y": 235}, "id": 1, "label": "person"}, {"bottomright": {"x": 159, "y": 135}, "topleft": {"x": 477, "y": 439}, "id": 1, "label": "person"}]