[{"bottomright": {"x": 830, "y": 201}, "topleft": {"x": 1181, "y": 517}, "id": 1, "label": "person"}, {"bottomright": {"x": 442, "y": 108}, "topleft": {"x": 589, "y": 275}, "id": 1, "label": "person"}, {"bottomright": {"x": 597, "y": 235}, "topleft": {"x": 888, "y": 532}, "id": 1, "label": "person"}, {"bottomright": {"x": 690, "y": 56}, "topleft": {"x": 764, "y": 257}, "id": 1, "label": "person"}, {"bottomright": {"x": 815, "y": 59}, "topleft": {"x": 937, "y": 283}, "id": 1, "label": "person"}, {"bottomright": {"x": 1125, "y": 139}, "topleft": {"x": 1275, "y": 402}, "id": 1, "label": "person"}, {"bottomright": {"x": 204, "y": 111}, "topleft": {"x": 299, "y": 235}, "id": 1, "label": "person"}]