[{"bottomright": {"x": 679, "y": 49}, "topleft": {"x": 779, "y": 249}, "id": 1, "label": "person"}, {"bottomright": {"x": 831, "y": 205}, "topleft": {"x": 1180, "y": 520}, "id": 1, "label": "person"}, {"bottomright": {"x": 438, "y": 111}, "topleft": {"x": 591, "y": 276}, "id": 1, "label": "person"}, {"bottomright": {"x": 599, "y": 240}, "topleft": {"x": 896, "y": 529}, "id": 1, "label": "person"}, {"bottomright": {"x": 1123, "y": 138}, "topleft": {"x": 1274, "y": 402}, "id": 1, "label": "person"}, {"bottomright": {"x": 818, "y": 62}, "topleft": {"x": 935, "y": 245}, "id": 1, "label": "person"}, {"bottomright": {"x": 204, "y": 115}, "topleft": {"x": 301, "y": 242}, "id": 1, "label": "person"}]