[{"bottomright": {"x": 826, "y": 211}, "topleft": {"x": 1184, "y": 518}, "id": 1, "label": "person"}, {"bottomright": {"x": 437, "y": 113}, "topleft": {"x": 589, "y": 284}, "id": 1, "label": "person"}, {"bottomright": {"x": 683, "y": 59}, "topleft": {"x": 770, "y": 241}, "id": 1, "label": "person"}, {"bottomright": {"x": 1127, "y": 138}, "topleft": {"x": 1273, "y": 404}, "id": 1, "label": "person"}, {"bottomright": {"x": 821, "y": 65}, "topleft": {"x": 930, "y": 235}, "id": 1, "label": "person"}, {"bottomright": {"x": 587, "y": 242}, "topleft": {"x": 895, "y": 522}, "id": 1, "label": "person"}, {"bottomright": {"x": 159, "y": 159}, "topleft": {"x": 411, "y": 490}, "id": 1, "label": "person"}]