[{"bottomright": {"x": 433, "y": 116}, "topleft": {"x": 580, "y": 285}, "id": 1, "label": "person"}, {"bottomright": {"x": 660, "y": 48}, "topleft": {"x": 765, "y": 241}, "id": 1, "label": "person"}, {"bottomright": {"x": 810, "y": 225}, "topleft": {"x": 1111, "y": 521}, "id": 1, "label": "person"}, {"bottomright": {"x": 1121, "y": 141}, "topleft": {"x": 1269, "y": 408}, "id": 1, "label": "person"}, {"bottomright": {"x": 808, "y": 75}, "topleft": {"x": 924, "y": 282}, "id": 1, "label": "person"}, {"bottomright": {"x": 693, "y": 269}, "topleft": {"x": 899, "y": 519}, "id": 1, "label": "person"}, {"bottomright": {"x": 203, "y": 118}, "topleft": {"x": 295, "y": 243}, "id": 1, "label": "person"}]