[{"bottomright": {"x": 427, "y": 116}, "topleft": {"x": 574, "y": 286}, "id": 1, "label": "person"}, {"bottomright": {"x": 821, "y": 240}, "topleft": {"x": 1097, "y": 514}, "id": 1, "label": "person"}, {"bottomright": {"x": 795, "y": 84}, "topleft": {"x": 917, "y": 288}, "id": 1, "label": "person"}, {"bottomright": {"x": 644, "y": 40}, "topleft": {"x": 773, "y": 265}, "id": 1, "label": "person"}, {"bottomright": {"x": 1093, "y": 146}, "topleft": {"x": 1253, "y": 397}, "id": 1, "label": "person"}, {"bottomright": {"x": 584, "y": 250}, "topleft": {"x": 882, "y": 522}, "id": 1, "label": "person"}, {"bottomright": {"x": 190, "y": 119}, "topleft": {"x": 287, "y": 252}, "id": 1, "label": "person"}]