[{"bottomright": {"x": 821, "y": 239}, "topleft": {"x": 1092, "y": 519}, "id": 1, "label": "person"}, {"bottomright": {"x": 645, "y": 61}, "topleft": {"x": 783, "y": 287}, "id": 1, "label": "person"}, {"bottomright": {"x": 429, "y": 128}, "topleft": {"x": 560, "y": 284}, "id": 1, "label": "person"}, {"bottomright": {"x": 1076, "y": 150}, "topleft": {"x": 1237, "y": 394}, "id": 1, "label": "person"}, {"bottomright": {"x": 791, "y": 95}, "topleft": {"x": 904, "y": 293}, "id": 1, "label": "person"}, {"bottomright": {"x": 580, "y": 256}, "topleft": {"x": 864, "y": 520}, "id": 1, "label": "person"}]