[{"bottomright": {"x": 803, "y": 229}, "topleft": {"x": 1094, "y": 519}, "id": 1, "label": "person"}, {"bottomright": {"x": 642, "y": 60}, "topleft": {"x": 781, "y": 285}, "id": 1, "label": "person"}, {"bottomright": {"x": 404, "y": 138}, "topleft": {"x": 552, "y": 305}, "id": 1, "label": "person"}, {"bottomright": {"x": 778, "y": 88}, "topleft": {"x": 880, "y": 297}, "id": 1, "label": "person"}, {"bottomright": {"x": 1069, "y": 151}, "topleft": {"x": 1224, "y": 398}, "id": 1, "label": "person"}, {"bottomright": {"x": 661, "y": 266}, "topleft": {"x": 866, "y": 524}, "id": 1, "label": "person"}]