[{"bottomright": {"x": 634, "y": 62}, "topleft": {"x": 770, "y": 290}, "id": 1, "label": "person"}, {"bottomright": {"x": 775, "y": 238}, "topleft": {"x": 1051, "y": 520}, "id": 1, "label": "person"}, {"bottomright": {"x": 381, "y": 121}, "topleft": {"x": 532, "y": 289}, "id": 1, "label": "person"}, {"bottomright": {"x": 1022, "y": 151}, "topleft": {"x": 1187, "y": 390}, "id": 1, "label": "person"}, {"bottomright": {"x": 765, "y": 98}, "topleft": {"x": 863, "y": 285}, "id": 1, "label": "person"}, {"bottomright": {"x": 499, "y": 269}, "topleft": {"x": 797, "y": 601}, "id": 1, "label": "person"}, {"bottomright": {"x": 160, "y": 125}, "topleft": {"x": 250, "y": 252}, "id": 1, "label": "person"}]