[{"bottomright": {"x": 642, "y": 62}, "topleft": {"x": 812, "y": 296}, "id": 1, "label": "person"}, {"bottomright": {"x": 729, "y": 235}, "topleft": {"x": 1003, "y": 512}, "id": 1, "label": "person"}, {"bottomright": {"x": 505, "y": 240}, "topleft": {"x": 791, "y": 531}, "id": 1, "label": "person"}, {"bottomright": {"x": 355, "y": 134}, "topleft": {"x": 505, "y": 306}, "id": 1, "label": "person"}, {"bottomright": {"x": 1017, "y": 158}, "topleft": {"x": 1165, "y": 400}, "id": 1, "label": "person"}, {"bottomright": {"x": 94, "y": 177}, "topleft": {"x": 398, "y": 510}, "id": 1, "label": "person"}]