[{"bottomright": {"x": 668, "y": 242}, "topleft": {"x": 979, "y": 512}, "id": 1, "label": "person"}, {"bottomright": {"x": 327, "y": 140}, "topleft": {"x": 469, "y": 301}, "id": 1, "label": "person"}, {"bottomright": {"x": 642, "y": 43}, "topleft": {"x": 852, "y": 302}, "id": 1, "label": "person"}, {"bottomright": {"x": 51, "y": 180}, "topleft": {"x": 403, "y": 519}, "id": 1, "label": "person"}, {"bottomright": {"x": 986, "y": 164}, "topleft": {"x": 1117, "y": 383}, "id": 1, "label": "person"}, {"bottomright": {"x": 437, "y": 239}, "topleft": {"x": 690, "y": 628}, "id": 1, "label": "person"}, {"bottomright": {"x": 94, "y": 140}, "topleft": {"x": 181, "y": 249}, "id": 1, "label": "person"}]