[{"bottomright": {"x": 603, "y": 243}, "topleft": {"x": 909, "y": 520}, "id": 1, "label": "person"}, {"bottomright": {"x": 278, "y": 146}, "topleft": {"x": 425, "y": 315}, "id": 1, "label": "person"}, {"bottomright": {"x": 606, "y": 57}, "topleft": {"x": 815, "y": 297}, "id": 1, "label": "person"}, {"bottomright": {"x": 939, "y": 175}, "topleft": {"x": 1061, "y": 389}, "id": 1, "label": "person"}, {"bottomright": {"x": 403, "y": 256}, "topleft": {"x": 682, "y": 529}, "id": 1, "label": "person"}]