[{"bottomright": {"x": 598, "y": 249}, "topleft": {"x": 893, "y": 526}, "id": 1, "label": "person"}, {"bottomright": {"x": 242, "y": 142}, "topleft": {"x": 392, "y": 317}, "id": 1, "label": "person"}, {"bottomright": {"x": 374, "y": 259}, "topleft": {"x": 655, "y": 531}, "id": 1, "label": "person"}, {"bottomright": {"x": -3, "y": 189}, "topleft": {"x": 337, "y": 703}, "id": 1, "label": "person"}, {"bottomright": {"x": 888, "y": 184}, "topleft": {"x": 1012, "y": 389}, "id": 1, "label": "person"}, {"bottomright": {"x": 702, "y": 49}, "topleft": {"x": 889, "y": 332}, "id": 1, "label": "person"}, {"bottomright": {"x": 600, "y": 101}, "topleft": {"x": 700, "y": 295}, "id": 1, "label": "person"}]