[{"bottomright": {"x": 557, "y": 258}, "topleft": {"x": 862, "y": 521}, "id": 1, "label": "person"}, {"bottomright": {"x": 216, "y": 152}, "topleft": {"x": 343, "y": 321}, "id": 1, "label": "person"}, {"bottomright": {"x": 554, "y": 131}, "topleft": {"x": 668, "y": 310}, "id": 1, "label": "person"}, {"bottomright": {"x": 722, "y": 61}, "topleft": {"x": 911, "y": 380}, "id": 1, "label": "person"}, {"bottomright": {"x": 294, "y": 285}, "topleft": {"x": 595, "y": 591}, "id": 1, "label": "person"}, {"bottomright": {"x": -2, "y": 200}, "topleft": {"x": 290, "y": 493}, "id": 1, "label": "person"}]