[{"bottomright": {"x": 546, "y": 144}, "topleft": {"x": 1138, "y": 714}, "id": 1, "label": "person"}, {"bottomright": {"x": 953, "y": 2}, "topleft": {"x": 1128, "y": 203}, "id": 1, "label": "person"}, {"bottomright": {"x": 534, "y": -1}, "topleft": {"x": 682, "y": 156}, "id": 1, "label": "person"}, {"bottomright": {"x": 192, "y": 55}, "topleft": {"x": 316, "y": 181}, "id": 1, "label": "person"}, {"bottomright": {"x": 258, "y": 109}, "topleft": {"x": 510, "y": 554}, "id": 1, "label": "person"}, {"bottomright": {"x": 421, "y": 120}, "topleft": {"x": 719, "y": 580}, "id": 1, "label": "person"}, {"bottomright": {"x": 1160, "y": 8}, "topleft": {"x": 1283, "y": 198}, "id": 1, "label": "person"}]