[{"bottomright": {"x": 550, "y": 151}, "topleft": {"x": 1134, "y": 711}, "id": 1, "label": "person"}, {"bottomright": {"x": 954, "y": 3}, "topleft": {"x": 1130, "y": 202}, "id": 1, "label": "person"}, {"bottomright": {"x": 191, "y": 55}, "topleft": {"x": 320, "y": 180}, "id": 1, "label": "person"}, {"bottomright": {"x": 533, "y": 0}, "topleft": {"x": 679, "y": 161}, "id": 1, "label": "person"}, {"bottomright": {"x": 420, "y": 123}, "topleft": {"x": 717, "y": 584}, "id": 1, "label": "person"}, {"bottomright": {"x": 263, "y": 111}, "topleft": {"x": 506, "y": 554}, "id": 1, "label": "person"}]