[{"bottomright": {"x": 533, "y": 141}, "topleft": {"x": 1131, "y": 716}, "id": 1, "label": "person"}, {"bottomright": {"x": 191, "y": 54}, "topleft": {"x": 318, "y": 180}, "id": 1, "label": "person"}, {"bottomright": {"x": 531, "y": -1}, "topleft": {"x": 681, "y": 162}, "id": 1, "label": "person"}, {"bottomright": {"x": 918, "y": 10}, "topleft": {"x": 1128, "y": 179}, "id": 1, "label": "person"}, {"bottomright": {"x": 259, "y": 100}, "topleft": {"x": 552, "y": 453}, "id": 1, "label": "person"}, {"bottomright": {"x": 414, "y": 132}, "topleft": {"x": 718, "y": 573}, "id": 1, "label": "person"}]