[{"bottomright": {"x": 561, "y": 126}, "topleft": {"x": 1052, "y": 720}, "id": 1, "label": "person"}, {"bottomright": {"x": 954, "y": 13}, "topleft": {"x": 1277, "y": 713}, "id": 1, "label": "person"}, {"bottomright": {"x": 529, "y": -1}, "topleft": {"x": 682, "y": 171}, "id": 1, "label": "person"}, {"bottomright": {"x": 191, "y": 54}, "topleft": {"x": 314, "y": 179}, "id": 1, "label": "person"}, {"bottomright": {"x": 277, "y": 58}, "topleft": {"x": 528, "y": 597}, "id": 1, "label": "person"}, {"bottomright": {"x": 482, "y": 125}, "topleft": {"x": 725, "y": 549}, "id": 1, "label": "person"}]