[{"bottomright": {"x": 537, "y": 115}, "topleft": {"x": 927, "y": 673}, "id": 1, "label": "person"}, {"bottomright": {"x": 191, "y": 54}, "topleft": {"x": 315, "y": 181}, "id": 1, "label": "person"}, {"bottomright": {"x": 832, "y": 16}, "topleft": {"x": 1275, "y": 723}, "id": 1, "label": "person"}, {"bottomright": {"x": 528, "y": -1}, "topleft": {"x": 680, "y": 175}, "id": 1, "label": "person"}, {"bottomright": {"x": 273, "y": 67}, "topleft": {"x": 532, "y": 506}, "id": 1, "label": "person"}, {"bottomright": {"x": 417, "y": 129}, "topleft": {"x": 718, "y": 569}, "id": 1, "label": "person"}]