[{"bottomright": {"x": 555, "y": 116}, "topleft": {"x": 924, "y": 679}, "id": 1, "label": "person"}, {"bottomright": {"x": 191, "y": 54}, "topleft": {"x": 315, "y": 180}, "id": 1, "label": "person"}, {"bottomright": {"x": 816, "y": 19}, "topleft": {"x": 1295, "y": 707}, "id": 1, "label": "person"}, {"bottomright": {"x": 266, "y": 104}, "topleft": {"x": 505, "y": 557}, "id": 1, "label": "person"}, {"bottomright": {"x": 529, "y": -1}, "topleft": {"x": 678, "y": 174}, "id": 1, "label": "person"}, {"bottomright": {"x": 425, "y": 122}, "topleft": {"x": 717, "y": 568}, "id": 1, "label": "person"}]