[{"bottomright": {"x": 537, "y": 118}, "topleft": {"x": 920, "y": 674}, "id": 1, "label": "person"}, {"bottomright": {"x": 190, "y": 54}, "topleft": {"x": 320, "y": 181}, "id": 1, "label": "person"}, {"bottomright": {"x": 414, "y": 117}, "topleft": {"x": 719, "y": 576}, "id": 1, "label": "person"}, {"bottomright": {"x": 532, "y": -2}, "topleft": {"x": 679, "y": 177}, "id": 1, "label": "person"}, {"bottomright": {"x": 264, "y": 99}, "topleft": {"x": 505, "y": 563}, "id": 1, "label": "person"}, {"bottomright": {"x": 828, "y": 2}, "topleft": {"x": 1290, "y": 727}, "id": 1, "label": "person"}]