[{"bottomright": {"x": 421, "y": 107}, "topleft": {"x": 716, "y": 588}, "id": 1, "label": "person"}, {"bottomright": {"x": 253, "y": 98}, "topleft": {"x": 516, "y": 571}, "id": 1, "label": "person"}, {"bottomright": {"x": 580, "y": 51}, "topleft": {"x": 1076, "y": 724}, "id": 1, "label": "person"}, {"bottomright": {"x": 184, "y": 53}, "topleft": {"x": 326, "y": 182}, "id": 1, "label": "person"}, {"bottomright": {"x": 825, "y": 11}, "topleft": {"x": 1291, "y": 715}, "id": 1, "label": "person"}, {"bottomright": {"x": 531, "y": 0}, "topleft": {"x": 679, "y": 171}, "id": 1, "label": "person"}]