[{"bottomright": {"x": 534, "y": 115}, "topleft": {"x": 983, "y": 733}, "id": 1, "label": "person"}, {"bottomright": {"x": 256, "y": 104}, "topleft": {"x": 515, "y": 567}, "id": 1, "label": "person"}, {"bottomright": {"x": 834, "y": 25}, "topleft": {"x": 1284, "y": 727}, "id": 1, "label": "person"}, {"bottomright": {"x": 183, "y": 53}, "topleft": {"x": 323, "y": 182}, "id": 1, "label": "person"}, {"bottomright": {"x": 418, "y": 113}, "topleft": {"x": 716, "y": 582}, "id": 1, "label": "person"}, {"bottomright": {"x": 531, "y": -1}, "topleft": {"x": 678, "y": 172}, "id": 1, "label": "person"}]