[{"bottomright": {"x": 532, "y": 128}, "topleft": {"x": 1131, "y": 717}, "id": 1, "label": "person"}, {"bottomright": {"x": 259, "y": 102}, "topleft": {"x": 514, "y": 568}, "id": 1, "label": "person"}, {"bottomright": {"x": 161, "y": 53}, "topleft": {"x": 320, "y": 182}, "id": 1, "label": "person"}, {"bottomright": {"x": 532, "y": -3}, "topleft": {"x": 679, "y": 167}, "id": 1, "label": "person"}, {"bottomright": {"x": 371, "y": 112}, "topleft": {"x": 740, "y": 622}, "id": 1, "label": "person"}, {"bottomright": {"x": 915, "y": 6}, "topleft": {"x": 1132, "y": 185}, "id": 1, "label": "person"}]