[{"bottomright": {"x": 531, "y": 138}, "topleft": {"x": 1165, "y": 713}, "id": 1, "label": "person"}, {"bottomright": {"x": 261, "y": 94}, "topleft": {"x": 510, "y": 571}, "id": 1, "label": "person"}, {"bottomright": {"x": 951, "y": 2}, "topleft": {"x": 1130, "y": 203}, "id": 1, "label": "person"}, {"bottomright": {"x": 185, "y": 54}, "topleft": {"x": 322, "y": 181}, "id": 1, "label": "person"}, {"bottomright": {"x": 424, "y": 106}, "topleft": {"x": 714, "y": 578}, "id": 1, "label": "person"}, {"bottomright": {"x": 530, "y": 0}, "topleft": {"x": 682, "y": 168}, "id": 1, "label": "person"}]