[{"bottomright": {"x": 530, "y": 132}, "topleft": {"x": 1163, "y": 714}, "id": 1, "label": "person"}, {"bottomright": {"x": 262, "y": 95}, "topleft": {"x": 510, "y": 564}, "id": 1, "label": "person"}, {"bottomright": {"x": 951, "y": 2}, "topleft": {"x": 1130, "y": 203}, "id": 1, "label": "person"}, {"bottomright": {"x": 427, "y": 103}, "topleft": {"x": 716, "y": 585}, "id": 1, "label": "person"}, {"bottomright": {"x": 160, "y": 50}, "topleft": {"x": 320, "y": 185}, "id": 1, "label": "person"}, {"bottomright": {"x": 535, "y": -1}, "topleft": {"x": 686, "y": 164}, "id": 1, "label": "person"}]