[{"bottomright": {"x": 538, "y": 130}, "topleft": {"x": 1152, "y": 713}, "id": 1, "label": "person"}, {"bottomright": {"x": 951, "y": 2}, "topleft": {"x": 1132, "y": 202}, "id": 1, "label": "person"}, {"bottomright": {"x": 263, "y": 86}, "topleft": {"x": 511, "y": 575}, "id": 1, "label": "person"}, {"bottomright": {"x": 380, "y": 109}, "topleft": {"x": 741, "y": 619}, "id": 1, "label": "person"}, {"bottomright": {"x": 538, "y": -4}, "topleft": {"x": 690, "y": 162}, "id": 1, "label": "person"}, {"bottomright": {"x": 185, "y": 37}, "topleft": {"x": 321, "y": 176}, "id": 1, "label": "person"}]