[{"bottomright": {"x": 538, "y": 135}, "topleft": {"x": 1155, "y": 709}, "id": 1, "label": "person"}, {"bottomright": {"x": 950, "y": 3}, "topleft": {"x": 1133, "y": 202}, "id": 1, "label": "person"}, {"bottomright": {"x": 262, "y": 92}, "topleft": {"x": 510, "y": 567}, "id": 1, "label": "person"}, {"bottomright": {"x": 372, "y": 115}, "topleft": {"x": 753, "y": 622}, "id": 1, "label": "person"}, {"bottomright": {"x": 163, "y": 49}, "topleft": {"x": 320, "y": 186}, "id": 1, "label": "person"}, {"bottomright": {"x": 535, "y": -3}, "topleft": {"x": 688, "y": 162}, "id": 1, "label": "person"}, {"bottomright": {"x": -3, "y": 5}, "topleft": {"x": 156, "y": 200}, "id": 1, "label": "person"}]