[{"bottomright": {"x": 533, "y": 132}, "topleft": {"x": 1166, "y": 721}, "id": 1, "label": "person"}, {"bottomright": {"x": 950, "y": 3}, "topleft": {"x": 1134, "y": 204}, "id": 1, "label": "person"}, {"bottomright": {"x": 261, "y": 76}, "topleft": {"x": 513, "y": 578}, "id": 1, "label": "person"}, {"bottomright": {"x": 186, "y": 54}, "topleft": {"x": 320, "y": 183}, "id": 1, "label": "person"}, {"bottomright": {"x": 536, "y": -1}, "topleft": {"x": 689, "y": 159}, "id": 1, "label": "person"}, {"bottomright": {"x": 425, "y": 125}, "topleft": {"x": 726, "y": 582}, "id": 1, "label": "person"}]