[{"bottomright": {"x": 533, "y": 135}, "topleft": {"x": 1165, "y": 717}, "id": 1, "label": "person"}, {"bottomright": {"x": 949, "y": 1}, "topleft": {"x": 1134, "y": 205}, "id": 1, "label": "person"}, {"bottomright": {"x": 277, "y": 67}, "topleft": {"x": 530, "y": 582}, "id": 1, "label": "person"}, {"bottomright": {"x": 423, "y": 124}, "topleft": {"x": 724, "y": 584}, "id": 1, "label": "person"}, {"bottomright": {"x": 190, "y": 56}, "topleft": {"x": 320, "y": 180}, "id": 1, "label": "person"}, {"bottomright": {"x": 537, "y": -1}, "topleft": {"x": 688, "y": 159}, "id": 1, "label": "person"}]