[{"bottomright": {"x": 538, "y": 132}, "topleft": {"x": 1161, "y": 720}, "id": 1, "label": "person"}, {"bottomright": {"x": 951, "y": 1}, "topleft": {"x": 1134, "y": 204}, "id": 1, "label": "person"}, {"bottomright": {"x": 275, "y": 74}, "topleft": {"x": 532, "y": 573}, "id": 1, "label": "person"}, {"bottomright": {"x": 426, "y": 119}, "topleft": {"x": 726, "y": 577}, "id": 1, "label": "person"}, {"bottomright": {"x": 190, "y": 57}, "topleft": {"x": 323, "y": 180}, "id": 1, "label": "person"}, {"bottomright": {"x": 529, "y": -2}, "topleft": {"x": 689, "y": 163}, "id": 1, "label": "person"}]