[{"bottomright": {"x": 129, "y": 386}, "topleft": {"x": 529, "y": 714}, "id": 1, "label": "person"}, {"bottomright": {"x": 435, "y": 154}, "topleft": {"x": 604, "y": 507}, "id": 1, "label": "person"}, {"bottomright": {"x": 192, "y": 58}, "topleft": {"x": 408, "y": 329}, "id": 1, "label": "person"}, {"bottomright": {"x": 598, "y": 183}, "topleft": {"x": 913, "y": 588}, "id": 1, "label": "person"}, {"bottomright": {"x": 855, "y": 171}, "topleft": {"x": 1040, "y": 568}, "id": 1, "label": "person"}]