[{"bottomright": {"x": 423, "y": 162}, "topleft": {"x": 592, "y": 505}, "id": 1, "label": "person"}, {"bottomright": {"x": 591, "y": 181}, "topleft": {"x": 899, "y": 599}, "id": 1, "label": "person"}, {"bottomright": {"x": 160, "y": 53}, "topleft": {"x": 384, "y": 342}, "id": 1, "label": "person"}, {"bottomright": {"x": 168, "y": 341}, "topleft": {"x": 436, "y": 714}, "id": 1, "label": "person"}, {"bottomright": {"x": 847, "y": 170}, "topleft": {"x": 1039, "y": 572}, "id": 1, "label": "person"}]