[{"bottomright": {"x": 422, "y": 156}, "topleft": {"x": 574, "y": 516}, "id": 1, "label": "person"}, {"bottomright": {"x": 61, "y": 374}, "topleft": {"x": 445, "y": 714}, "id": 1, "label": "person"}, {"bottomright": {"x": 817, "y": 152}, "topleft": {"x": 1031, "y": 537}, "id": 1, "label": "person"}, {"bottomright": {"x": 574, "y": 187}, "topleft": {"x": 890, "y": 594}, "id": 1, "label": "person"}, {"bottomright": {"x": 137, "y": 40}, "topleft": {"x": 368, "y": 356}, "id": 1, "label": "person"}, {"bottomright": {"x": 932, "y": 366}, "topleft": {"x": 1274, "y": 727}, "id": 1, "label": "person"}]